# data from Gutjahr et al. 2017, Case where C-org burial increases during the recovery
Time_WRT_CIE,DIC,pH
-49.90,1.76E-03,7.73E+00
-49.80,1.76E-03,7.73E+00
-49.70,1.76E-03,7.73E+00
-49.60,1.76E-03,7.73E+00
-49.50,1.76E-03,7.73E+00
-49.40,1.76E-03,7.73E+00
-49.30,1.76E-03,7.73E+00
-49.20,1.76E-03,7.73E+00
-49.10,1.76E-03,7.73E+00
-49.00,1.76E-03,7.73E+00
-48.90,1.76E-03,7.73E+00
-48.80,1.76E-03,7.73E+00
-48.70,1.76E-03,7.73E+00
-48.60,1.76E-03,7.73E+00
-48.50,1.76E-03,7.73E+00
-48.40,1.76E-03,7.73E+00
-48.30,1.76E-03,7.73E+00
-48.20,1.76E-03,7.73E+00
-48.10,1.76E-03,7.73E+00
-48.00,1.76E-03,7.73E+00
-47.90,1.76E-03,7.73E+00
-47.80,1.76E-03,7.73E+00
-47.70,1.77E-03,7.73E+00
-47.60,1.77E-03,7.73E+00
-47.50,1.77E-03,7.73E+00
-47.40,1.77E-03,7.73E+00
-47.30,1.77E-03,7.73E+00
-47.20,1.77E-03,7.73E+00
-47.10,1.77E-03,7.73E+00
-47.00,1.77E-03,7.73E+00
-46.90,1.77E-03,7.73E+00
-46.80,1.77E-03,7.73E+00
-46.70,1.77E-03,7.73E+00
-46.60,1.77E-03,7.73E+00
-46.50,1.77E-03,7.73E+00
-46.40,1.77E-03,7.73E+00
-46.30,1.77E-03,7.73E+00
-46.20,1.77E-03,7.73E+00
-46.10,1.77E-03,7.73E+00
-46.00,1.77E-03,7.73E+00
-45.90,1.77E-03,7.73E+00
-45.80,1.77E-03,7.73E+00
-45.70,1.77E-03,7.73E+00
-45.60,1.77E-03,7.73E+00
-45.50,1.77E-03,7.73E+00
-45.40,1.77E-03,7.73E+00
-45.30,1.77E-03,7.73E+00
-45.20,1.77E-03,7.73E+00
-45.10,1.77E-03,7.73E+00
-45.00,1.77E-03,7.73E+00
-44.90,1.77E-03,7.73E+00
-44.80,1.77E-03,7.73E+00
-44.70,1.77E-03,7.73E+00
-44.60,1.77E-03,7.73E+00
-44.50,1.77E-03,7.73E+00
-44.40,1.77E-03,7.73E+00
-44.30,1.77E-03,7.73E+00
-44.20,1.77E-03,7.73E+00
-44.10,1.77E-03,7.73E+00
-44.00,1.77E-03,7.73E+00
-43.90,1.77E-03,7.73E+00
-43.80,1.77E-03,7.73E+00
-43.70,1.77E-03,7.73E+00
-43.60,1.77E-03,7.73E+00
-43.50,1.77E-03,7.73E+00
-43.40,1.77E-03,7.73E+00
-43.30,1.77E-03,7.73E+00
-43.20,1.77E-03,7.73E+00
-43.10,1.77E-03,7.73E+00
-43.00,1.77E-03,7.73E+00
-42.90,1.77E-03,7.73E+00
-42.80,1.77E-03,7.73E+00
-42.70,1.77E-03,7.73E+00
-42.60,1.77E-03,7.73E+00
-42.50,1.77E-03,7.73E+00
-42.40,1.77E-03,7.73E+00
-42.30,1.77E-03,7.73E+00
-42.20,1.77E-03,7.73E+00
-42.10,1.77E-03,7.73E+00
-42.00,1.77E-03,7.73E+00
-41.90,1.77E-03,7.73E+00
-41.80,1.77E-03,7.73E+00
-41.70,1.77E-03,7.73E+00
-41.60,1.77E-03,7.73E+00
-41.50,1.77E-03,7.73E+00
-41.40,1.77E-03,7.73E+00
-41.30,1.77E-03,7.73E+00
-41.20,1.77E-03,7.73E+00
-41.10,1.77E-03,7.73E+00
-41.00,1.77E-03,7.73E+00
-40.90,1.77E-03,7.73E+00
-40.80,1.78E-03,7.73E+00
-40.70,1.78E-03,7.73E+00
-40.60,1.78E-03,7.73E+00
-40.50,1.78E-03,7.73E+00
-40.40,1.78E-03,7.73E+00
-40.30,1.78E-03,7.73E+00
-40.20,1.78E-03,7.73E+00
-40.10,1.78E-03,7.73E+00
-40.00,1.78E-03,7.73E+00
-39.90,1.78E-03,7.73E+00
-39.80,1.78E-03,7.73E+00
-39.70,1.78E-03,7.73E+00
-39.60,1.78E-03,7.73E+00
-39.50,1.78E-03,7.73E+00
-39.40,1.78E-03,7.73E+00
-39.30,1.78E-03,7.73E+00
-39.20,1.78E-03,7.73E+00
-39.10,1.78E-03,7.73E+00
-39.00,1.78E-03,7.73E+00
-38.90,1.78E-03,7.73E+00
-38.80,1.78E-03,7.73E+00
-38.70,1.78E-03,7.73E+00
-38.60,1.78E-03,7.73E+00
-38.50,1.78E-03,7.73E+00
-38.40,1.78E-03,7.73E+00
-38.30,1.78E-03,7.73E+00
-38.20,1.78E-03,7.73E+00
-38.10,1.78E-03,7.73E+00
-38.00,1.78E-03,7.73E+00
-37.90,1.78E-03,7.73E+00
-37.80,1.78E-03,7.73E+00
-37.70,1.78E-03,7.73E+00
-37.60,1.78E-03,7.73E+00
-37.50,1.78E-03,7.73E+00
-37.40,1.78E-03,7.73E+00
-37.30,1.78E-03,7.73E+00
-37.20,1.78E-03,7.73E+00
-37.10,1.78E-03,7.73E+00
-37.00,1.78E-03,7.73E+00
-36.90,1.78E-03,7.73E+00
-36.80,1.78E-03,7.73E+00
-36.70,1.78E-03,7.73E+00
-36.60,1.78E-03,7.73E+00
-36.50,1.78E-03,7.73E+00
-36.40,1.78E-03,7.73E+00
-36.30,1.78E-03,7.73E+00
-36.20,1.78E-03,7.73E+00
-36.10,1.78E-03,7.73E+00
-36.00,1.78E-03,7.73E+00
-35.90,1.78E-03,7.73E+00
-35.80,1.78E-03,7.73E+00
-35.70,1.78E-03,7.73E+00
-35.60,1.78E-03,7.73E+00
-35.50,1.78E-03,7.73E+00
-35.40,1.78E-03,7.73E+00
-35.30,1.78E-03,7.73E+00
-35.20,1.78E-03,7.73E+00
-35.10,1.78E-03,7.73E+00
-35.00,1.78E-03,7.73E+00
-34.90,1.78E-03,7.73E+00
-34.80,1.78E-03,7.73E+00
-34.70,1.78E-03,7.73E+00
-34.60,1.78E-03,7.73E+00
-34.50,1.78E-03,7.73E+00
-34.40,1.78E-03,7.73E+00
-34.30,1.78E-03,7.73E+00
-34.20,1.78E-03,7.73E+00
-34.10,1.78E-03,7.73E+00
-34.00,1.78E-03,7.73E+00
-33.90,1.78E-03,7.73E+00
-33.80,1.78E-03,7.73E+00
-33.70,1.78E-03,7.73E+00
-33.60,1.78E-03,7.73E+00
-33.50,1.78E-03,7.73E+00
-33.40,1.78E-03,7.73E+00
-33.30,1.78E-03,7.73E+00
-33.20,1.78E-03,7.73E+00
-33.10,1.78E-03,7.73E+00
-33.00,1.78E-03,7.73E+00
-32.90,1.78E-03,7.73E+00
-32.80,1.78E-03,7.73E+00
-32.70,1.78E-03,7.73E+00
-32.60,1.78E-03,7.73E+00
-32.50,1.78E-03,7.73E+00
-32.40,1.78E-03,7.73E+00
-32.30,1.78E-03,7.73E+00
-32.20,1.78E-03,7.73E+00
-32.10,1.78E-03,7.73E+00
-32.00,1.78E-03,7.73E+00
-31.90,1.78E-03,7.73E+00
-31.80,1.78E-03,7.73E+00
-31.70,1.78E-03,7.73E+00
-31.60,1.78E-03,7.73E+00
-31.50,1.78E-03,7.73E+00
-31.40,1.78E-03,7.73E+00
-31.30,1.78E-03,7.73E+00
-31.20,1.78E-03,7.73E+00
-31.10,1.78E-03,7.73E+00
-31.00,1.78E-03,7.73E+00
-30.90,1.78E-03,7.73E+00
-30.80,1.78E-03,7.73E+00
-30.70,1.78E-03,7.73E+00
-30.60,1.78E-03,7.73E+00
-30.50,1.78E-03,7.73E+00
-30.40,1.78E-03,7.73E+00
-30.30,1.78E-03,7.73E+00
-30.20,1.78E-03,7.73E+00
-30.10,1.78E-03,7.73E+00
-30.00,1.78E-03,7.73E+00
-29.90,1.78E-03,7.73E+00
-29.80,1.78E-03,7.73E+00
-29.70,1.78E-03,7.73E+00
-29.60,1.78E-03,7.73E+00
-29.50,1.78E-03,7.73E+00
-29.40,1.78E-03,7.73E+00
-29.30,1.78E-03,7.73E+00
-29.20,1.78E-03,7.73E+00
-29.10,1.78E-03,7.73E+00
-29.00,1.78E-03,7.73E+00
-28.90,1.78E-03,7.73E+00
-28.80,1.78E-03,7.73E+00
-28.70,1.78E-03,7.73E+00
-28.60,1.78E-03,7.73E+00
-28.50,1.78E-03,7.73E+00
-28.40,1.78E-03,7.73E+00
-28.30,1.78E-03,7.73E+00
-28.20,1.78E-03,7.73E+00
-28.10,1.78E-03,7.73E+00
-28.00,1.78E-03,7.73E+00
-27.90,1.78E-03,7.73E+00
-27.80,1.78E-03,7.73E+00
-27.70,1.78E-03,7.73E+00
-27.60,1.78E-03,7.73E+00
-27.50,1.78E-03,7.73E+00
-27.40,1.78E-03,7.73E+00
-27.30,1.78E-03,7.73E+00
-27.20,1.78E-03,7.73E+00
-27.10,1.78E-03,7.73E+00
-27.00,1.78E-03,7.73E+00
-26.90,1.78E-03,7.73E+00
-26.80,1.78E-03,7.73E+00
-26.70,1.78E-03,7.73E+00
-26.60,1.78E-03,7.73E+00
-26.50,1.78E-03,7.73E+00
-26.40,1.78E-03,7.73E+00
-26.30,1.78E-03,7.73E+00
-26.20,1.78E-03,7.73E+00
-26.10,1.78E-03,7.73E+00
-26.00,1.78E-03,7.73E+00
-25.90,1.78E-03,7.73E+00
-25.80,1.78E-03,7.73E+00
-25.70,1.78E-03,7.73E+00
-25.60,1.78E-03,7.73E+00
-25.50,1.78E-03,7.73E+00
-25.40,1.78E-03,7.73E+00
-25.30,1.78E-03,7.73E+00
-25.20,1.78E-03,7.73E+00
-25.10,1.78E-03,7.73E+00
-25.00,1.78E-03,7.73E+00
-24.90,1.78E-03,7.73E+00
-24.80,1.78E-03,7.73E+00
-24.70,1.78E-03,7.73E+00
-24.60,1.78E-03,7.73E+00
-24.50,1.78E-03,7.73E+00
-24.40,1.78E-03,7.73E+00
-24.30,1.78E-03,7.73E+00
-24.20,1.78E-03,7.73E+00
-24.10,1.78E-03,7.73E+00
-24.00,1.78E-03,7.73E+00
-23.90,1.78E-03,7.73E+00
-23.80,1.78E-03,7.73E+00
-23.70,1.78E-03,7.73E+00
-23.60,1.78E-03,7.73E+00
-23.50,1.78E-03,7.73E+00
-23.40,1.78E-03,7.73E+00
-23.30,1.78E-03,7.73E+00
-23.20,1.78E-03,7.73E+00
-23.10,1.78E-03,7.73E+00
-23.00,1.79E-03,7.73E+00
-22.90,1.79E-03,7.73E+00
-22.80,1.79E-03,7.73E+00
-22.70,1.79E-03,7.73E+00
-22.60,1.79E-03,7.73E+00
-22.50,1.79E-03,7.73E+00
-22.40,1.79E-03,7.73E+00
-22.30,1.79E-03,7.73E+00
-22.20,1.79E-03,7.73E+00
-22.10,1.79E-03,7.73E+00
-22.00,1.79E-03,7.73E+00
-21.90,1.79E-03,7.73E+00
-21.80,1.79E-03,7.73E+00
-21.70,1.79E-03,7.73E+00
-21.60,1.79E-03,7.73E+00
-21.50,1.79E-03,7.73E+00
-21.40,1.79E-03,7.73E+00
-21.30,1.79E-03,7.73E+00
-21.20,1.79E-03,7.73E+00
-21.10,1.79E-03,7.73E+00
-21.00,1.79E-03,7.73E+00
-20.90,1.79E-03,7.73E+00
-20.80,1.79E-03,7.73E+00
-20.70,1.79E-03,7.73E+00
-20.60,1.79E-03,7.73E+00
-20.50,1.79E-03,7.73E+00
-20.40,1.79E-03,7.73E+00
-20.30,1.79E-03,7.73E+00
-20.20,1.79E-03,7.73E+00
-20.10,1.79E-03,7.73E+00
-20.00,1.79E-03,7.73E+00
-19.90,1.79E-03,7.73E+00
-19.80,1.79E-03,7.73E+00
-19.70,1.79E-03,7.73E+00
-19.60,1.79E-03,7.73E+00
-19.50,1.79E-03,7.73E+00
-19.40,1.79E-03,7.73E+00
-19.30,1.79E-03,7.73E+00
-19.20,1.79E-03,7.73E+00
-19.10,1.79E-03,7.73E+00
-19.00,1.79E-03,7.73E+00
-18.90,1.79E-03,7.73E+00
-18.80,1.79E-03,7.73E+00
-18.70,1.79E-03,7.73E+00
-18.60,1.79E-03,7.73E+00
-18.50,1.79E-03,7.73E+00
-18.40,1.79E-03,7.73E+00
-18.30,1.79E-03,7.73E+00
-18.20,1.79E-03,7.73E+00
-18.10,1.79E-03,7.73E+00
-18.00,1.79E-03,7.73E+00
-17.90,1.79E-03,7.73E+00
-17.80,1.79E-03,7.73E+00
-17.70,1.79E-03,7.73E+00
-17.60,1.79E-03,7.73E+00
-17.50,1.79E-03,7.73E+00
-17.40,1.79E-03,7.73E+00
-17.30,1.79E-03,7.73E+00
-17.20,1.79E-03,7.73E+00
-17.10,1.79E-03,7.73E+00
-17.00,1.79E-03,7.73E+00
-16.90,1.79E-03,7.73E+00
-16.80,1.79E-03,7.73E+00
-16.70,1.79E-03,7.73E+00
-16.60,1.79E-03,7.73E+00
-16.50,1.79E-03,7.73E+00
-16.40,1.79E-03,7.73E+00
-16.30,1.79E-03,7.73E+00
-16.20,1.79E-03,7.73E+00
-16.10,1.79E-03,7.73E+00
-16.00,1.79E-03,7.73E+00
-15.90,1.79E-03,7.73E+00
-15.80,1.79E-03,7.73E+00
-15.70,1.79E-03,7.73E+00
-15.60,1.79E-03,7.73E+00
-15.50,1.79E-03,7.73E+00
-15.40,1.79E-03,7.73E+00
-15.30,1.79E-03,7.73E+00
-15.20,1.79E-03,7.73E+00
-15.10,1.79E-03,7.73E+00
-15.00,1.79E-03,7.73E+00
-14.90,1.79E-03,7.73E+00
-14.80,1.79E-03,7.73E+00
-14.70,1.79E-03,7.73E+00
-14.60,1.79E-03,7.73E+00
-14.50,1.79E-03,7.73E+00
-14.40,1.79E-03,7.73E+00
-14.30,1.79E-03,7.73E+00
-14.20,1.79E-03,7.73E+00
-14.10,1.79E-03,7.73E+00
-14.00,1.79E-03,7.73E+00
-13.90,1.79E-03,7.73E+00
-13.80,1.79E-03,7.73E+00
-13.70,1.79E-03,7.73E+00
-13.60,1.79E-03,7.73E+00
-13.50,1.79E-03,7.73E+00
-13.40,1.79E-03,7.73E+00
-13.30,1.79E-03,7.73E+00
-13.20,1.79E-03,7.73E+00
-13.10,1.79E-03,7.73E+00
-13.00,1.79E-03,7.73E+00
-12.90,1.79E-03,7.73E+00
-12.80,1.79E-03,7.73E+00
-12.70,1.79E-03,7.73E+00
-12.60,1.79E-03,7.73E+00
-12.50,1.79E-03,7.73E+00
-12.40,1.79E-03,7.73E+00
-12.30,1.79E-03,7.73E+00
-12.20,1.79E-03,7.73E+00
-12.10,1.79E-03,7.73E+00
-12.00,1.79E-03,7.73E+00
-11.90,1.79E-03,7.73E+00
-11.80,1.79E-03,7.73E+00
-11.70,1.79E-03,7.73E+00
-11.60,1.79E-03,7.73E+00
-11.50,1.79E-03,7.73E+00
-11.40,1.79E-03,7.73E+00
-11.30,1.79E-03,7.73E+00
-11.20,1.79E-03,7.73E+00
-11.10,1.79E-03,7.73E+00
-11.00,1.79E-03,7.73E+00
-10.90,1.79E-03,7.73E+00
-10.80,1.79E-03,7.73E+00
-10.70,1.79E-03,7.73E+00
-10.60,1.79E-03,7.73E+00
-10.50,1.79E-03,7.73E+00
-10.40,1.79E-03,7.73E+00
-10.30,1.79E-03,7.73E+00
-10.20,1.79E-03,7.73E+00
-10.10,1.79E-03,7.73E+00
-10.00,1.79E-03,7.73E+00
-9.90,1.79E-03,7.73E+00
-9.80,1.79E-03,7.73E+00
-9.70,1.79E-03,7.73E+00
-9.60,1.79E-03,7.73E+00
-9.50,1.79E-03,7.73E+00
-9.40,1.79E-03,7.73E+00
-9.30,1.79E-03,7.73E+00
-9.20,1.79E-03,7.73E+00
-9.10,1.79E-03,7.73E+00
-9.00,1.79E-03,7.73E+00
-8.90,1.79E-03,7.73E+00
-8.80,1.79E-03,7.72E+00
-8.70,1.79E-03,7.72E+00
-8.60,1.79E-03,7.72E+00
-8.50,1.79E-03,7.71E+00
-8.40,1.79E-03,7.71E+00
-8.30,1.79E-03,7.70E+00
-8.20,1.80E-03,7.70E+00
-8.10,1.80E-03,7.70E+00
-8.00,1.80E-03,7.69E+00
-7.90,1.80E-03,7.69E+00
-7.80,1.80E-03,7.68E+00
-7.70,1.80E-03,7.68E+00
-7.60,1.80E-03,7.68E+00
-7.50,1.80E-03,7.67E+00
-7.40,1.80E-03,7.67E+00
-7.30,1.81E-03,7.66E+00
-7.20,1.81E-03,7.66E+00
-7.10,1.81E-03,7.66E+00
-7.00,1.81E-03,7.65E+00
-6.90,1.81E-03,7.65E+00
-6.80,1.81E-03,7.64E+00
-6.70,1.81E-03,7.64E+00
-6.60,1.82E-03,7.64E+00
-6.50,1.82E-03,7.63E+00
-6.40,1.82E-03,7.63E+00
-6.30,1.82E-03,7.62E+00
-6.20,1.82E-03,7.62E+00
-6.10,1.83E-03,7.62E+00
-6.00,1.83E-03,7.61E+00
-5.90,1.83E-03,7.61E+00
-5.80,1.83E-03,7.60E+00
-5.70,1.84E-03,7.60E+00
-5.60,1.84E-03,7.60E+00
-5.50,1.84E-03,7.59E+00
-5.40,1.84E-03,7.59E+00
-5.30,1.85E-03,7.58E+00
-5.20,1.85E-03,7.58E+00
-5.10,1.85E-03,7.58E+00
-5.00,1.85E-03,7.57E+00
-4.90,1.86E-03,7.57E+00
-4.80,1.86E-03,7.56E+00
-4.70,1.86E-03,7.56E+00
-4.60,1.87E-03,7.56E+00
-4.50,1.87E-03,7.55E+00
-4.40,1.87E-03,7.55E+00
-4.30,1.87E-03,7.54E+00
-4.20,1.88E-03,7.54E+00
-4.10,1.88E-03,7.54E+00
-4.00,1.88E-03,7.53E+00
-3.90,1.89E-03,7.53E+00
-3.80,1.89E-03,7.53E+00
-3.70,1.89E-03,7.53E+00
-3.60,1.89E-03,7.53E+00
-3.50,1.90E-03,7.53E+00
-3.40,1.90E-03,7.53E+00
-3.30,1.90E-03,7.53E+00
-3.20,1.90E-03,7.53E+00
-3.10,1.90E-03,7.53E+00
-3.00,1.91E-03,7.53E+00
-2.90,1.91E-03,7.53E+00
-2.80,1.91E-03,7.53E+00
-2.70,1.91E-03,7.53E+00
-2.60,1.92E-03,7.53E+00
-2.50,1.92E-03,7.53E+00
-2.40,1.92E-03,7.52E+00
-2.30,1.92E-03,7.52E+00
-2.20,1.93E-03,7.52E+00
-2.10,1.93E-03,7.52E+00
-2.00,1.93E-03,7.52E+00
-1.90,1.93E-03,7.52E+00
-1.80,1.94E-03,7.52E+00
-1.70,1.94E-03,7.52E+00
-1.60,1.94E-03,7.52E+00
-1.50,1.94E-03,7.52E+00
-1.40,1.95E-03,7.52E+00
-1.30,1.95E-03,7.52E+00
-1.20,1.95E-03,7.52E+00
-1.10,1.95E-03,7.52E+00
-1.00,1.96E-03,7.52E+00
-0.90,1.96E-03,7.52E+00
-0.80,1.96E-03,7.52E+00
-0.70,1.96E-03,7.52E+00
-0.60,1.96E-03,7.52E+00
-0.50,1.97E-03,7.52E+00
-0.40,1.97E-03,7.52E+00
-0.30,1.97E-03,7.52E+00
-0.20,1.97E-03,7.51E+00
-0.10,1.98E-03,7.51E+00
0.00,1.98E-03,7.51E+00
0.10,1.98E-03,7.51E+00
0.20,1.98E-03,7.51E+00
0.30,1.99E-03,7.51E+00
0.40,1.99E-03,7.51E+00
0.50,1.99E-03,7.51E+00
0.60,1.99E-03,7.51E+00
0.70,1.99E-03,7.51E+00
0.80,2.00E-03,7.51E+00
0.90,2.00E-03,7.51E+00
1.00,2.00E-03,7.51E+00
1.10,2.00E-03,7.51E+00
1.20,2.00E-03,7.51E+00
1.30,2.01E-03,7.51E+00
1.40,2.01E-03,7.51E+00
1.50,2.01E-03,7.51E+00
1.60,2.01E-03,7.51E+00
1.70,2.02E-03,7.51E+00
1.80,2.02E-03,7.51E+00
1.90,2.02E-03,7.51E+00
2.00,2.02E-03,7.51E+00
2.10,2.02E-03,7.50E+00
2.20,2.03E-03,7.50E+00
2.30,2.03E-03,7.50E+00
2.40,2.03E-03,7.50E+00
2.50,2.03E-03,7.50E+00
2.60,2.03E-03,7.50E+00
2.70,2.04E-03,7.50E+00
2.80,2.04E-03,7.50E+00
2.90,2.04E-03,7.50E+00
3.00,2.04E-03,7.50E+00
3.10,2.04E-03,7.50E+00
3.20,2.05E-03,7.50E+00
3.30,2.05E-03,7.50E+00
3.40,2.05E-03,7.50E+00
3.50,2.05E-03,7.50E+00
3.60,2.05E-03,7.50E+00
3.70,2.06E-03,7.50E+00
3.80,2.06E-03,7.50E+00
3.90,2.06E-03,7.50E+00
4.00,2.06E-03,7.50E+00
4.10,2.06E-03,7.50E+00
4.20,2.07E-03,7.50E+00
4.30,2.07E-03,7.49E+00
4.40,2.07E-03,7.49E+00
4.50,2.07E-03,7.49E+00
4.60,2.07E-03,7.49E+00
4.70,2.08E-03,7.49E+00
4.80,2.08E-03,7.49E+00
4.90,2.08E-03,7.49E+00
5.00,2.08E-03,7.49E+00
5.10,2.08E-03,7.49E+00
5.20,2.09E-03,7.49E+00
5.30,2.09E-03,7.49E+00
5.40,2.09E-03,7.49E+00
5.50,2.09E-03,7.49E+00
5.60,2.09E-03,7.49E+00
5.70,2.09E-03,7.49E+00
5.80,2.10E-03,7.49E+00
5.90,2.10E-03,7.49E+00
6.00,2.10E-03,7.49E+00
6.10,2.10E-03,7.49E+00
6.20,2.10E-03,7.49E+00
6.30,2.11E-03,7.49E+00
6.40,2.11E-03,7.49E+00
6.50,2.11E-03,7.48E+00
6.60,2.11E-03,7.48E+00
6.70,2.11E-03,7.48E+00
6.80,2.12E-03,7.48E+00
6.90,2.12E-03,7.48E+00
7.00,2.12E-03,7.48E+00
7.10,2.12E-03,7.48E+00
7.20,2.12E-03,7.48E+00
7.30,2.12E-03,7.48E+00
7.40,2.13E-03,7.48E+00
7.50,2.13E-03,7.48E+00
7.60,2.13E-03,7.48E+00
7.70,2.13E-03,7.48E+00
7.80,2.13E-03,7.48E+00
7.90,2.14E-03,7.48E+00
8.00,2.14E-03,7.48E+00
8.10,2.14E-03,7.48E+00
8.20,2.14E-03,7.48E+00
8.30,2.14E-03,7.48E+00
8.40,2.14E-03,7.48E+00
8.50,2.15E-03,7.48E+00
8.60,2.15E-03,7.48E+00
8.70,2.15E-03,7.48E+00
8.80,2.15E-03,7.47E+00
8.90,2.15E-03,7.47E+00
9.00,2.16E-03,7.47E+00
9.10,2.16E-03,7.47E+00
9.20,2.16E-03,7.47E+00
9.30,2.16E-03,7.47E+00
9.40,2.16E-03,7.47E+00
9.50,2.16E-03,7.47E+00
9.60,2.17E-03,7.47E+00
9.70,2.17E-03,7.47E+00
9.80,2.17E-03,7.47E+00
9.90,2.17E-03,7.47E+00
10.00,2.17E-03,7.47E+00
10.10,2.17E-03,7.47E+00
10.20,2.18E-03,7.47E+00
10.30,2.18E-03,7.47E+00
10.40,2.18E-03,7.47E+00
10.50,2.18E-03,7.47E+00
10.60,2.18E-03,7.47E+00
10.70,2.18E-03,7.47E+00
10.80,2.19E-03,7.47E+00
10.90,2.19E-03,7.47E+00
11.00,2.19E-03,7.47E+00
11.10,2.19E-03,7.47E+00
11.20,2.19E-03,7.47E+00
11.30,2.19E-03,7.47E+00
11.40,2.20E-03,7.47E+00
11.50,2.20E-03,7.47E+00
11.60,2.20E-03,7.47E+00
11.70,2.20E-03,7.47E+00
11.80,2.20E-03,7.47E+00
11.90,2.20E-03,7.47E+00
12.00,2.21E-03,7.47E+00
12.10,2.21E-03,7.47E+00
12.20,2.21E-03,7.47E+00
12.30,2.21E-03,7.47E+00
12.40,2.21E-03,7.47E+00
12.50,2.21E-03,7.47E+00
12.60,2.21E-03,7.47E+00
12.70,2.22E-03,7.47E+00
12.80,2.22E-03,7.47E+00
12.90,2.22E-03,7.47E+00
13.00,2.22E-03,7.47E+00
13.10,2.22E-03,7.47E+00
13.20,2.22E-03,7.47E+00
13.30,2.23E-03,7.47E+00
13.40,2.23E-03,7.47E+00
13.50,2.23E-03,7.47E+00
13.60,2.23E-03,7.47E+00
13.70,2.23E-03,7.47E+00
13.80,2.23E-03,7.47E+00
13.90,2.23E-03,7.47E+00
14.00,2.24E-03,7.47E+00
14.10,2.24E-03,7.47E+00
14.20,2.24E-03,7.47E+00
14.30,2.24E-03,7.47E+00
14.40,2.24E-03,7.47E+00
14.50,2.24E-03,7.47E+00
14.60,2.24E-03,7.47E+00
14.70,2.25E-03,7.47E+00
14.80,2.25E-03,7.47E+00
14.90,2.25E-03,7.47E+00
15.00,2.25E-03,7.47E+00
15.10,2.25E-03,7.47E+00
15.20,2.25E-03,7.47E+00
15.30,2.25E-03,7.47E+00
15.40,2.26E-03,7.47E+00
15.50,2.26E-03,7.47E+00
15.60,2.26E-03,7.47E+00
15.70,2.26E-03,7.47E+00
15.80,2.26E-03,7.47E+00
15.90,2.26E-03,7.47E+00
16.00,2.26E-03,7.47E+00
16.10,2.27E-03,7.47E+00
16.20,2.27E-03,7.47E+00
16.30,2.27E-03,7.47E+00
16.40,2.27E-03,7.47E+00
16.50,2.27E-03,7.47E+00
16.60,2.27E-03,7.47E+00
16.70,2.27E-03,7.47E+00
16.80,2.27E-03,7.47E+00
16.90,2.28E-03,7.47E+00
17.00,2.28E-03,7.47E+00
17.10,2.28E-03,7.47E+00
17.20,2.28E-03,7.47E+00
17.30,2.28E-03,7.47E+00
17.40,2.28E-03,7.47E+00
17.50,2.28E-03,7.47E+00
17.60,2.29E-03,7.47E+00
17.70,2.29E-03,7.47E+00
17.80,2.29E-03,7.47E+00
17.90,2.29E-03,7.47E+00
18.00,2.29E-03,7.47E+00
18.10,2.29E-03,7.47E+00
18.20,2.29E-03,7.47E+00
18.30,2.29E-03,7.47E+00
18.40,2.30E-03,7.47E+00
18.50,2.30E-03,7.47E+00
18.60,2.30E-03,7.47E+00
18.70,2.30E-03,7.47E+00
18.80,2.30E-03,7.47E+00
18.90,2.30E-03,7.47E+00
19.00,2.30E-03,7.47E+00
19.10,2.30E-03,7.47E+00
19.20,2.30E-03,7.47E+00
19.30,2.31E-03,7.47E+00
19.40,2.31E-03,7.47E+00
19.50,2.31E-03,7.47E+00
19.60,2.31E-03,7.47E+00
19.70,2.31E-03,7.47E+00
19.80,2.31E-03,7.47E+00
19.90,2.31E-03,7.47E+00
20.00,2.31E-03,7.47E+00
20.10,2.32E-03,7.47E+00
20.20,2.32E-03,7.47E+00
20.30,2.32E-03,7.47E+00
20.40,2.32E-03,7.46E+00
20.50,2.32E-03,7.46E+00
20.60,2.32E-03,7.46E+00
20.70,2.32E-03,7.46E+00
20.80,2.32E-03,7.46E+00
20.90,2.32E-03,7.46E+00
21.00,2.33E-03,7.46E+00
21.10,2.33E-03,7.46E+00
21.20,2.33E-03,7.46E+00
21.30,2.33E-03,7.46E+00
21.40,2.33E-03,7.46E+00
21.50,2.33E-03,7.46E+00
21.60,2.33E-03,7.46E+00
21.70,2.33E-03,7.46E+00
21.80,2.33E-03,7.46E+00
21.90,2.34E-03,7.46E+00
22.00,2.34E-03,7.46E+00
22.10,2.34E-03,7.46E+00
22.20,2.34E-03,7.46E+00
22.30,2.34E-03,7.46E+00
22.40,2.34E-03,7.46E+00
22.50,2.34E-03,7.46E+00
22.60,2.34E-03,7.46E+00
22.70,2.34E-03,7.46E+00
22.80,2.35E-03,7.46E+00
22.90,2.35E-03,7.46E+00
23.00,2.35E-03,7.46E+00
23.10,2.35E-03,7.46E+00
23.20,2.35E-03,7.46E+00
23.30,2.35E-03,7.46E+00
23.40,2.35E-03,7.46E+00
23.50,2.35E-03,7.46E+00
23.60,2.35E-03,7.46E+00
23.70,2.35E-03,7.46E+00
23.80,2.36E-03,7.47E+00
23.90,2.36E-03,7.47E+00
24.00,2.36E-03,7.47E+00
24.10,2.36E-03,7.47E+00
24.20,2.36E-03,7.47E+00
24.30,2.36E-03,7.47E+00
24.40,2.36E-03,7.47E+00
24.50,2.36E-03,7.47E+00
24.60,2.36E-03,7.47E+00
24.70,2.36E-03,7.47E+00
24.80,2.36E-03,7.47E+00
24.90,2.37E-03,7.47E+00
25.00,2.37E-03,7.47E+00
25.10,2.37E-03,7.47E+00
25.20,2.37E-03,7.47E+00
25.30,2.37E-03,7.47E+00
25.40,2.37E-03,7.47E+00
25.50,2.37E-03,7.47E+00
25.60,2.37E-03,7.47E+00
25.70,2.37E-03,7.47E+00
25.80,2.37E-03,7.47E+00
25.90,2.37E-03,7.47E+00
26.00,2.38E-03,7.47E+00
26.10,2.38E-03,7.47E+00
26.20,2.38E-03,7.47E+00
26.30,2.38E-03,7.47E+00
26.40,2.38E-03,7.47E+00
26.50,2.38E-03,7.47E+00
26.60,2.38E-03,7.47E+00
26.70,2.38E-03,7.47E+00
26.80,2.38E-03,7.47E+00
26.90,2.38E-03,7.47E+00
27.00,2.38E-03,7.47E+00
27.10,2.38E-03,7.47E+00
27.20,2.38E-03,7.47E+00
27.30,2.39E-03,7.47E+00
27.40,2.39E-03,7.47E+00
27.50,2.39E-03,7.47E+00
27.60,2.39E-03,7.47E+00
27.70,2.39E-03,7.47E+00
27.80,2.39E-03,7.47E+00
27.90,2.39E-03,7.47E+00
28.00,2.39E-03,7.47E+00
28.10,2.39E-03,7.47E+00
28.20,2.39E-03,7.47E+00
28.30,2.39E-03,7.47E+00
28.40,2.39E-03,7.47E+00
28.50,2.39E-03,7.47E+00
28.60,2.39E-03,7.47E+00
28.70,2.40E-03,7.47E+00
28.80,2.40E-03,7.47E+00
28.90,2.40E-03,7.47E+00
29.00,2.40E-03,7.47E+00
29.10,2.40E-03,7.47E+00
29.20,2.40E-03,7.47E+00
29.30,2.40E-03,7.47E+00
29.40,2.40E-03,7.47E+00
29.50,2.40E-03,7.47E+00
29.60,2.40E-03,7.47E+00
29.70,2.40E-03,7.47E+00
29.80,2.40E-03,7.47E+00
29.90,2.40E-03,7.47E+00
30.00,2.40E-03,7.47E+00
30.10,2.40E-03,7.47E+00
30.20,2.40E-03,7.47E+00
30.30,2.41E-03,7.47E+00
30.40,2.41E-03,7.47E+00
30.50,2.41E-03,7.47E+00
30.60,2.41E-03,7.47E+00
30.70,2.41E-03,7.47E+00
30.80,2.41E-03,7.47E+00
30.90,2.41E-03,7.47E+00
31.00,2.41E-03,7.47E+00
31.10,2.41E-03,7.47E+00
31.20,2.41E-03,7.48E+00
31.30,2.41E-03,7.48E+00
31.40,2.41E-03,7.48E+00
31.50,2.41E-03,7.48E+00
31.60,2.41E-03,7.48E+00
31.70,2.41E-03,7.48E+00
31.80,2.41E-03,7.48E+00
31.90,2.41E-03,7.48E+00
32.00,2.41E-03,7.48E+00
32.10,2.42E-03,7.48E+00
32.20,2.42E-03,7.48E+00
32.30,2.42E-03,7.48E+00
32.40,2.42E-03,7.48E+00
32.50,2.42E-03,7.48E+00
32.60,2.42E-03,7.48E+00
32.70,2.42E-03,7.48E+00
32.80,2.42E-03,7.48E+00
32.90,2.42E-03,7.48E+00
33.00,2.42E-03,7.48E+00
33.10,2.42E-03,7.48E+00
33.20,2.42E-03,7.48E+00
33.30,2.42E-03,7.48E+00
33.40,2.42E-03,7.48E+00
33.50,2.42E-03,7.48E+00
33.60,2.42E-03,7.48E+00
33.70,2.42E-03,7.48E+00
33.80,2.42E-03,7.48E+00
33.90,2.42E-03,7.48E+00
34.00,2.42E-03,7.48E+00
34.10,2.42E-03,7.48E+00
34.20,2.43E-03,7.48E+00
34.30,2.43E-03,7.48E+00
34.40,2.43E-03,7.48E+00
34.50,2.43E-03,7.48E+00
34.60,2.43E-03,7.48E+00
34.70,2.43E-03,7.48E+00
34.80,2.43E-03,7.48E+00
34.90,2.43E-03,7.48E+00
35.00,2.43E-03,7.48E+00
35.10,2.43E-03,7.48E+00
35.20,2.43E-03,7.48E+00
35.30,2.43E-03,7.48E+00
35.40,2.43E-03,7.48E+00
35.50,2.43E-03,7.48E+00
35.60,2.43E-03,7.48E+00
35.70,2.43E-03,7.48E+00
35.80,2.43E-03,7.48E+00
35.90,2.43E-03,7.48E+00
36.00,2.43E-03,7.48E+00
36.10,2.43E-03,7.48E+00
36.20,2.43E-03,7.48E+00
36.30,2.43E-03,7.48E+00
36.40,2.43E-03,7.48E+00
36.50,2.43E-03,7.48E+00
36.60,2.43E-03,7.48E+00
36.70,2.43E-03,7.48E+00
36.80,2.43E-03,7.48E+00
36.90,2.43E-03,7.48E+00
37.00,2.43E-03,7.48E+00
37.10,2.43E-03,7.49E+00
37.20,2.44E-03,7.49E+00
37.30,2.44E-03,7.49E+00
37.40,2.44E-03,7.49E+00
37.50,2.44E-03,7.49E+00
37.60,2.44E-03,7.49E+00
37.70,2.44E-03,7.49E+00
37.80,2.44E-03,7.49E+00
37.90,2.44E-03,7.49E+00
38.00,2.44E-03,7.49E+00
38.10,2.44E-03,7.49E+00
38.20,2.44E-03,7.49E+00
38.30,2.44E-03,7.49E+00
38.40,2.44E-03,7.49E+00
38.50,2.44E-03,7.49E+00
38.60,2.44E-03,7.49E+00
38.70,2.44E-03,7.49E+00
38.80,2.44E-03,7.49E+00
38.90,2.44E-03,7.49E+00
39.00,2.44E-03,7.49E+00
39.10,2.44E-03,7.49E+00
39.20,2.44E-03,7.49E+00
39.30,2.44E-03,7.49E+00
39.40,2.44E-03,7.49E+00
39.50,2.44E-03,7.49E+00
39.60,2.44E-03,7.49E+00
39.70,2.44E-03,7.49E+00
39.80,2.44E-03,7.49E+00
39.90,2.44E-03,7.49E+00
40.00,2.44E-03,7.49E+00
40.10,2.44E-03,7.49E+00
40.20,2.44E-03,7.49E+00
40.30,2.44E-03,7.49E+00
40.40,2.44E-03,7.50E+00
40.50,2.44E-03,7.50E+00
40.60,2.44E-03,7.50E+00
40.70,2.44E-03,7.50E+00
40.80,2.44E-03,7.50E+00
40.90,2.44E-03,7.50E+00
41.00,2.44E-03,7.50E+00
41.10,2.44E-03,7.50E+00
41.20,2.44E-03,7.50E+00
41.30,2.44E-03,7.50E+00
41.40,2.44E-03,7.50E+00
41.50,2.44E-03,7.50E+00
41.60,2.44E-03,7.50E+00
41.70,2.44E-03,7.50E+00
41.80,2.44E-03,7.50E+00
41.90,2.44E-03,7.50E+00
42.00,2.44E-03,7.50E+00
42.10,2.44E-03,7.50E+00
42.20,2.44E-03,7.50E+00
42.30,2.44E-03,7.50E+00
42.40,2.44E-03,7.50E+00
42.50,2.44E-03,7.50E+00
42.60,2.44E-03,7.50E+00
42.70,2.44E-03,7.50E+00
42.80,2.44E-03,7.50E+00
42.90,2.44E-03,7.50E+00
43.00,2.44E-03,7.50E+00
43.10,2.44E-03,7.50E+00
43.20,2.44E-03,7.50E+00
43.30,2.44E-03,7.50E+00
43.40,2.44E-03,7.50E+00
43.50,2.44E-03,7.50E+00
43.60,2.44E-03,7.50E+00
43.70,2.44E-03,7.50E+00
43.80,2.44E-03,7.51E+00
43.90,2.44E-03,7.51E+00
44.00,2.44E-03,7.51E+00
44.10,2.44E-03,7.51E+00
44.20,2.44E-03,7.51E+00
44.30,2.44E-03,7.51E+00
44.40,2.44E-03,7.51E+00
44.50,2.44E-03,7.51E+00
44.60,2.44E-03,7.51E+00
44.70,2.44E-03,7.51E+00
44.80,2.44E-03,7.51E+00
44.90,2.44E-03,7.51E+00
45.00,2.44E-03,7.51E+00
45.10,2.44E-03,7.51E+00
45.20,2.44E-03,7.51E+00
45.30,2.44E-03,7.51E+00
45.40,2.44E-03,7.51E+00
45.50,2.44E-03,7.51E+00
45.60,2.43E-03,7.51E+00
45.70,2.43E-03,7.51E+00
45.80,2.43E-03,7.51E+00
45.90,2.43E-03,7.51E+00
46.00,2.43E-03,7.51E+00
46.10,2.43E-03,7.51E+00
46.20,2.43E-03,7.51E+00
46.30,2.43E-03,7.51E+00
46.40,2.43E-03,7.51E+00
46.50,2.43E-03,7.51E+00
46.60,2.43E-03,7.51E+00
46.70,2.43E-03,7.51E+00
46.80,2.43E-03,7.51E+00
46.90,2.43E-03,7.51E+00
47.00,2.43E-03,7.51E+00
47.10,2.43E-03,7.52E+00
47.20,2.43E-03,7.52E+00
47.30,2.43E-03,7.52E+00
47.40,2.43E-03,7.52E+00
47.50,2.43E-03,7.52E+00
47.60,2.43E-03,7.52E+00
47.70,2.43E-03,7.52E+00
47.80,2.43E-03,7.52E+00
47.90,2.43E-03,7.52E+00
48.00,2.43E-03,7.52E+00
48.10,2.43E-03,7.52E+00
48.20,2.43E-03,7.52E+00
48.30,2.43E-03,7.52E+00
48.40,2.43E-03,7.52E+00
48.50,2.43E-03,7.52E+00
48.60,2.43E-03,7.52E+00
48.70,2.43E-03,7.52E+00
48.80,2.43E-03,7.52E+00
48.90,2.43E-03,7.52E+00
49.00,2.43E-03,7.52E+00
49.10,2.43E-03,7.52E+00
49.20,2.43E-03,7.52E+00
49.30,2.43E-03,7.52E+00
49.40,2.43E-03,7.52E+00
49.50,2.42E-03,7.52E+00
49.60,2.42E-03,7.52E+00
49.70,2.42E-03,7.52E+00
49.80,2.42E-03,7.52E+00
49.90,2.42E-03,7.52E+00
50.00,2.42E-03,7.52E+00
50.10,2.42E-03,7.52E+00
50.20,2.42E-03,7.52E+00
50.30,2.42E-03,7.52E+00
50.40,2.42E-03,7.53E+00
50.50,2.42E-03,7.53E+00
50.60,2.42E-03,7.53E+00
50.70,2.42E-03,7.53E+00
50.80,2.42E-03,7.53E+00
50.90,2.42E-03,7.53E+00
51.00,2.42E-03,7.53E+00
51.10,2.42E-03,7.53E+00
51.20,2.42E-03,7.53E+00
51.30,2.42E-03,7.53E+00
51.40,2.42E-03,7.53E+00
51.50,2.42E-03,7.53E+00
51.60,2.42E-03,7.53E+00
51.70,2.42E-03,7.53E+00
51.80,2.42E-03,7.53E+00
51.90,2.42E-03,7.53E+00
52.00,2.42E-03,7.53E+00
52.10,2.42E-03,7.53E+00
52.20,2.41E-03,7.53E+00
52.30,2.41E-03,7.53E+00
52.40,2.41E-03,7.53E+00
52.50,2.41E-03,7.53E+00
52.60,2.41E-03,7.53E+00
52.70,2.41E-03,7.53E+00
52.80,2.41E-03,7.53E+00
52.90,2.41E-03,7.53E+00
53.00,2.41E-03,7.53E+00
53.10,2.41E-03,7.53E+00
53.20,2.41E-03,7.53E+00
53.30,2.41E-03,7.53E+00
53.40,2.41E-03,7.53E+00
53.50,2.41E-03,7.54E+00
53.60,2.41E-03,7.54E+00
53.70,2.41E-03,7.54E+00
53.80,2.41E-03,7.54E+00
53.90,2.41E-03,7.54E+00
54.00,2.41E-03,7.54E+00
54.10,2.41E-03,7.54E+00
54.20,2.41E-03,7.54E+00
54.30,2.41E-03,7.54E+00
54.40,2.40E-03,7.54E+00
54.50,2.40E-03,7.54E+00
54.60,2.40E-03,7.54E+00
54.70,2.40E-03,7.54E+00
54.80,2.40E-03,7.54E+00
54.90,2.40E-03,7.54E+00
55.00,2.40E-03,7.54E+00
55.10,2.40E-03,7.54E+00
55.20,2.40E-03,7.54E+00
55.30,2.40E-03,7.54E+00
55.40,2.40E-03,7.54E+00
55.50,2.40E-03,7.54E+00
55.60,2.40E-03,7.54E+00
55.70,2.40E-03,7.54E+00
55.80,2.40E-03,7.54E+00
55.90,2.40E-03,7.54E+00
56.00,2.40E-03,7.54E+00
56.10,2.40E-03,7.54E+00
56.20,2.40E-03,7.54E+00
56.30,2.40E-03,7.54E+00
56.40,2.39E-03,7.54E+00
56.50,2.39E-03,7.54E+00
56.60,2.39E-03,7.55E+00
56.70,2.39E-03,7.55E+00
56.80,2.39E-03,7.55E+00
56.90,2.39E-03,7.55E+00
57.00,2.39E-03,7.55E+00
57.10,2.39E-03,7.55E+00
57.20,2.39E-03,7.55E+00
57.30,2.39E-03,7.55E+00
57.40,2.39E-03,7.55E+00
57.50,2.39E-03,7.55E+00
57.60,2.39E-03,7.55E+00
57.70,2.39E-03,7.55E+00
57.80,2.39E-03,7.55E+00
57.90,2.39E-03,7.55E+00
58.00,2.39E-03,7.55E+00
58.10,2.39E-03,7.55E+00
58.20,2.39E-03,7.55E+00
58.30,2.39E-03,7.55E+00
58.40,2.38E-03,7.55E+00
58.50,2.38E-03,7.55E+00
58.60,2.38E-03,7.55E+00
58.70,2.38E-03,7.55E+00
58.80,2.38E-03,7.55E+00
58.90,2.38E-03,7.55E+00
59.00,2.38E-03,7.55E+00
59.10,2.38E-03,7.55E+00
59.20,2.38E-03,7.55E+00
59.30,2.38E-03,7.55E+00
59.40,2.38E-03,7.55E+00
59.50,2.38E-03,7.55E+00
59.60,2.38E-03,7.55E+00
59.70,2.38E-03,7.55E+00
59.80,2.38E-03,7.55E+00
59.90,2.38E-03,7.55E+00
60.00,2.38E-03,7.55E+00
60.10,2.38E-03,7.55E+00
60.20,2.38E-03,7.55E+00
60.30,2.38E-03,7.55E+00
60.40,2.38E-03,7.55E+00
60.50,2.37E-03,7.55E+00
60.60,2.37E-03,7.55E+00
60.70,2.37E-03,7.55E+00
60.80,2.37E-03,7.55E+00
60.90,2.37E-03,7.55E+00
61.00,2.37E-03,7.55E+00
61.10,2.37E-03,7.55E+00
61.20,2.37E-03,7.55E+00
61.30,2.37E-03,7.55E+00
61.40,2.37E-03,7.55E+00
61.50,2.37E-03,7.55E+00
61.60,2.37E-03,7.55E+00
61.70,2.37E-03,7.55E+00
61.80,2.37E-03,7.55E+00
61.90,2.37E-03,7.55E+00
62.00,2.37E-03,7.55E+00
62.10,2.37E-03,7.55E+00
62.20,2.37E-03,7.55E+00
62.30,2.37E-03,7.55E+00
62.40,2.37E-03,7.55E+00
62.50,2.37E-03,7.55E+00
62.60,2.37E-03,7.55E+00
62.70,2.37E-03,7.55E+00
62.80,2.37E-03,7.55E+00
62.90,2.37E-03,7.55E+00
63.00,2.36E-03,7.55E+00
63.10,2.36E-03,7.55E+00
63.20,2.36E-03,7.55E+00
63.30,2.36E-03,7.55E+00
63.40,2.36E-03,7.55E+00
63.50,2.36E-03,7.55E+00
63.60,2.36E-03,7.55E+00
63.70,2.36E-03,7.55E+00
63.80,2.36E-03,7.55E+00
63.90,2.36E-03,7.55E+00
64.00,2.36E-03,7.55E+00
64.10,2.36E-03,7.55E+00
64.20,2.36E-03,7.55E+00
64.30,2.36E-03,7.55E+00
64.40,2.36E-03,7.55E+00
64.50,2.36E-03,7.55E+00
64.60,2.36E-03,7.55E+00
64.70,2.36E-03,7.55E+00
64.80,2.36E-03,7.55E+00
64.90,2.36E-03,7.55E+00
65.00,2.36E-03,7.55E+00
65.10,2.36E-03,7.55E+00
65.20,2.36E-03,7.55E+00
65.30,2.36E-03,7.55E+00
65.40,2.36E-03,7.55E+00
65.50,2.36E-03,7.55E+00
65.60,2.36E-03,7.55E+00
65.70,2.36E-03,7.55E+00
65.80,2.36E-03,7.55E+00
65.90,2.35E-03,7.55E+00
66.00,2.35E-03,7.55E+00
66.10,2.35E-03,7.55E+00
66.20,2.35E-03,7.55E+00
66.30,2.35E-03,7.55E+00
66.40,2.35E-03,7.55E+00
66.50,2.35E-03,7.55E+00
66.60,2.35E-03,7.55E+00
66.70,2.35E-03,7.55E+00
66.80,2.35E-03,7.55E+00
66.90,2.35E-03,7.55E+00
67.00,2.35E-03,7.55E+00
67.10,2.35E-03,7.55E+00
67.20,2.35E-03,7.55E+00
67.30,2.35E-03,7.55E+00
67.40,2.35E-03,7.55E+00
67.50,2.35E-03,7.55E+00
67.60,2.35E-03,7.55E+00
67.70,2.35E-03,7.56E+00
67.80,2.35E-03,7.56E+00
67.90,2.35E-03,7.56E+00
68.00,2.35E-03,7.56E+00
68.10,2.35E-03,7.56E+00
68.20,2.35E-03,7.56E+00
68.30,2.35E-03,7.56E+00
68.40,2.35E-03,7.56E+00
68.50,2.35E-03,7.56E+00
68.60,2.35E-03,7.56E+00
68.70,2.35E-03,7.56E+00
68.80,2.35E-03,7.56E+00
68.90,2.34E-03,7.56E+00
69.00,2.34E-03,7.56E+00
69.10,2.34E-03,7.56E+00
69.20,2.34E-03,7.56E+00
69.30,2.34E-03,7.56E+00
69.40,2.34E-03,7.56E+00
69.50,2.34E-03,7.56E+00
69.60,2.34E-03,7.56E+00
69.70,2.34E-03,7.56E+00
69.80,2.34E-03,7.56E+00
69.90,2.34E-03,7.56E+00
70.00,2.34E-03,7.56E+00
70.10,2.34E-03,7.56E+00
70.20,2.34E-03,7.56E+00
70.30,2.34E-03,7.56E+00
70.40,2.34E-03,7.56E+00
70.50,2.34E-03,7.56E+00
70.60,2.34E-03,7.56E+00
70.70,2.34E-03,7.56E+00
70.80,2.34E-03,7.56E+00
70.90,2.34E-03,7.56E+00
71.00,2.34E-03,7.56E+00
71.10,2.34E-03,7.56E+00
71.20,2.34E-03,7.56E+00
71.30,2.34E-03,7.56E+00
71.40,2.34E-03,7.56E+00
71.50,2.34E-03,7.56E+00
71.60,2.34E-03,7.56E+00
71.70,2.34E-03,7.56E+00
71.80,2.34E-03,7.56E+00
71.90,2.34E-03,7.56E+00
72.00,2.33E-03,7.56E+00
72.10,2.33E-03,7.56E+00
72.20,2.33E-03,7.56E+00
72.30,2.33E-03,7.56E+00
72.40,2.33E-03,7.56E+00
72.50,2.33E-03,7.56E+00
72.60,2.33E-03,7.56E+00
72.70,2.33E-03,7.56E+00
72.80,2.33E-03,7.56E+00
72.90,2.33E-03,7.56E+00
73.00,2.33E-03,7.56E+00
73.10,2.33E-03,7.56E+00
73.20,2.33E-03,7.56E+00
73.30,2.33E-03,7.56E+00
73.40,2.33E-03,7.56E+00
73.50,2.33E-03,7.56E+00
73.60,2.33E-03,7.56E+00
73.70,2.33E-03,7.56E+00
73.80,2.33E-03,7.56E+00
73.90,2.33E-03,7.56E+00
74.00,2.33E-03,7.56E+00
74.10,2.33E-03,7.56E+00
74.20,2.33E-03,7.56E+00
74.30,2.33E-03,7.56E+00
74.40,2.33E-03,7.56E+00
74.50,2.33E-03,7.56E+00
74.60,2.33E-03,7.56E+00
74.70,2.33E-03,7.56E+00
74.80,2.33E-03,7.56E+00
74.90,2.33E-03,7.56E+00
75.00,2.33E-03,7.56E+00
75.10,2.32E-03,7.56E+00
75.20,2.32E-03,7.56E+00
75.30,2.32E-03,7.56E+00
75.40,2.32E-03,7.56E+00
75.50,2.32E-03,7.56E+00
75.60,2.32E-03,7.56E+00
75.70,2.32E-03,7.56E+00
75.80,2.32E-03,7.56E+00
75.90,2.32E-03,7.56E+00
76.00,2.32E-03,7.56E+00
76.10,2.32E-03,7.56E+00
76.20,2.32E-03,7.56E+00
76.30,2.32E-03,7.56E+00
76.40,2.32E-03,7.56E+00
76.50,2.32E-03,7.56E+00
76.60,2.32E-03,7.56E+00
76.70,2.32E-03,7.56E+00
76.80,2.32E-03,7.56E+00
76.90,2.32E-03,7.56E+00
77.00,2.32E-03,7.56E+00
77.10,2.32E-03,7.56E+00
77.20,2.32E-03,7.56E+00
77.30,2.32E-03,7.56E+00
77.40,2.32E-03,7.56E+00
77.50,2.32E-03,7.56E+00
77.60,2.32E-03,7.56E+00
77.70,2.32E-03,7.57E+00
77.80,2.32E-03,7.57E+00
77.90,2.32E-03,7.57E+00
78.00,2.32E-03,7.57E+00
78.10,2.31E-03,7.57E+00
78.20,2.31E-03,7.57E+00
78.30,2.31E-03,7.57E+00
78.40,2.31E-03,7.57E+00
78.50,2.31E-03,7.57E+00
78.60,2.31E-03,7.57E+00
78.70,2.31E-03,7.57E+00
78.80,2.31E-03,7.57E+00
78.90,2.31E-03,7.57E+00
79.00,2.31E-03,7.57E+00
79.10,2.31E-03,7.57E+00
79.20,2.31E-03,7.57E+00
79.30,2.31E-03,7.57E+00
79.40,2.31E-03,7.57E+00
79.50,2.31E-03,7.57E+00
79.60,2.31E-03,7.57E+00
79.70,2.31E-03,7.57E+00
79.80,2.31E-03,7.57E+00
79.90,2.31E-03,7.57E+00
80.00,2.31E-03,7.57E+00
80.10,2.31E-03,7.57E+00
80.20,2.31E-03,7.57E+00
80.30,2.31E-03,7.57E+00
80.40,2.31E-03,7.57E+00
80.50,2.31E-03,7.57E+00
80.60,2.31E-03,7.57E+00
80.70,2.31E-03,7.57E+00
80.80,2.31E-03,7.57E+00
80.90,2.30E-03,7.57E+00
81.00,2.30E-03,7.57E+00
81.10,2.30E-03,7.57E+00
81.20,2.30E-03,7.57E+00
81.30,2.30E-03,7.57E+00
81.40,2.30E-03,7.57E+00
81.50,2.30E-03,7.57E+00
81.60,2.30E-03,7.57E+00
81.70,2.30E-03,7.57E+00
81.80,2.30E-03,7.57E+00
81.90,2.30E-03,7.57E+00
82.00,2.30E-03,7.57E+00
82.10,2.30E-03,7.57E+00
82.20,2.30E-03,7.57E+00
82.30,2.30E-03,7.57E+00
82.40,2.30E-03,7.57E+00
82.50,2.30E-03,7.57E+00
82.60,2.30E-03,7.57E+00
82.70,2.30E-03,7.57E+00
82.80,2.30E-03,7.57E+00
82.90,2.30E-03,7.57E+00
83.00,2.30E-03,7.57E+00
83.10,2.30E-03,7.57E+00
83.20,2.30E-03,7.57E+00
83.30,2.30E-03,7.57E+00
83.40,2.30E-03,7.57E+00
83.50,2.30E-03,7.57E+00
83.60,2.29E-03,7.57E+00
83.70,2.29E-03,7.57E+00
83.80,2.29E-03,7.57E+00
83.90,2.29E-03,7.57E+00
84.00,2.29E-03,7.57E+00
84.10,2.29E-03,7.57E+00
84.20,2.29E-03,7.57E+00
84.30,2.29E-03,7.57E+00
84.40,2.29E-03,7.57E+00
84.50,2.29E-03,7.58E+00
84.60,2.29E-03,7.58E+00
84.70,2.29E-03,7.58E+00
84.80,2.29E-03,7.58E+00
84.90,2.29E-03,7.58E+00
85.00,2.29E-03,7.58E+00
85.10,2.29E-03,7.58E+00
85.20,2.29E-03,7.58E+00
85.30,2.29E-03,7.58E+00
85.40,2.29E-03,7.58E+00
85.50,2.29E-03,7.58E+00
85.60,2.29E-03,7.58E+00
85.70,2.29E-03,7.58E+00
85.80,2.29E-03,7.58E+00
85.90,2.29E-03,7.58E+00
86.00,2.29E-03,7.58E+00
86.10,2.29E-03,7.58E+00
86.20,2.28E-03,7.58E+00
86.30,2.28E-03,7.58E+00
86.40,2.28E-03,7.58E+00
86.50,2.28E-03,7.58E+00
86.60,2.28E-03,7.58E+00
86.70,2.28E-03,7.58E+00
86.80,2.28E-03,7.58E+00
86.90,2.28E-03,7.58E+00
87.00,2.28E-03,7.58E+00
87.10,2.28E-03,7.58E+00
87.20,2.28E-03,7.58E+00
87.30,2.28E-03,7.58E+00
87.40,2.28E-03,7.58E+00
87.50,2.28E-03,7.58E+00
87.60,2.28E-03,7.58E+00
87.70,2.28E-03,7.58E+00
87.80,2.28E-03,7.58E+00
87.90,2.28E-03,7.58E+00
88.00,2.28E-03,7.58E+00
88.10,2.28E-03,7.58E+00
88.20,2.28E-03,7.58E+00
88.30,2.28E-03,7.58E+00
88.40,2.28E-03,7.58E+00
88.50,2.28E-03,7.58E+00
88.60,2.28E-03,7.58E+00
88.70,2.28E-03,7.58E+00
88.80,2.28E-03,7.58E+00
88.90,2.27E-03,7.58E+00
89.00,2.27E-03,7.58E+00
89.10,2.27E-03,7.58E+00
89.20,2.27E-03,7.58E+00
89.30,2.27E-03,7.58E+00
89.40,2.27E-03,7.58E+00
89.50,2.27E-03,7.58E+00
89.60,2.27E-03,7.58E+00
89.70,2.27E-03,7.58E+00
89.80,2.27E-03,7.58E+00
89.90,2.27E-03,7.58E+00
90.00,2.27E-03,7.58E+00
90.10,2.27E-03,7.58E+00
90.20,2.27E-03,7.58E+00
90.30,2.27E-03,7.58E+00
90.40,2.27E-03,7.58E+00
90.50,2.27E-03,7.58E+00
90.60,2.27E-03,7.58E+00
90.70,2.27E-03,7.58E+00
90.80,2.27E-03,7.58E+00
90.90,2.27E-03,7.58E+00
91.00,2.27E-03,7.58E+00
91.10,2.27E-03,7.58E+00
91.20,2.27E-03,7.58E+00
91.30,2.27E-03,7.58E+00
91.40,2.27E-03,7.58E+00
91.50,2.27E-03,7.58E+00
91.60,2.27E-03,7.58E+00
91.70,2.27E-03,7.58E+00
91.80,2.26E-03,7.58E+00
91.90,2.26E-03,7.58E+00
92.00,2.26E-03,7.58E+00
92.10,2.26E-03,7.58E+00
92.20,2.26E-03,7.58E+00
92.30,2.26E-03,7.58E+00
92.40,2.26E-03,7.58E+00
92.50,2.26E-03,7.58E+00
92.60,2.26E-03,7.58E+00
92.70,2.26E-03,7.58E+00
92.80,2.26E-03,7.58E+00
92.90,2.26E-03,7.58E+00
93.00,2.26E-03,7.58E+00
93.10,2.26E-03,7.58E+00
93.20,2.26E-03,7.58E+00
93.30,2.26E-03,7.58E+00
93.40,2.26E-03,7.58E+00
93.50,2.26E-03,7.58E+00
93.60,2.26E-03,7.58E+00
93.70,2.26E-03,7.58E+00
93.80,2.26E-03,7.58E+00
93.90,2.26E-03,7.58E+00
94.00,2.26E-03,7.58E+00
94.10,2.26E-03,7.58E+00
94.20,2.26E-03,7.58E+00
94.30,2.26E-03,7.58E+00
94.40,2.26E-03,7.58E+00
94.50,2.26E-03,7.58E+00
94.60,2.26E-03,7.58E+00
94.70,2.26E-03,7.58E+00
94.80,2.26E-03,7.58E+00
94.90,2.26E-03,7.58E+00
95.00,2.25E-03,7.58E+00
95.10,2.25E-03,7.58E+00
95.20,2.25E-03,7.58E+00
95.30,2.25E-03,7.58E+00
95.40,2.25E-03,7.58E+00
95.50,2.25E-03,7.58E+00
95.60,2.25E-03,7.58E+00
95.70,2.25E-03,7.58E+00
95.80,2.25E-03,7.58E+00
95.90,2.25E-03,7.58E+00
96.00,2.25E-03,7.58E+00
96.10,2.25E-03,7.58E+00
96.20,2.25E-03,7.58E+00
96.30,2.25E-03,7.58E+00
96.40,2.25E-03,7.59E+00
96.50,2.25E-03,7.59E+00
96.60,2.25E-03,7.59E+00
96.70,2.25E-03,7.59E+00
96.80,2.25E-03,7.59E+00
96.90,2.25E-03,7.59E+00
97.00,2.25E-03,7.59E+00
97.10,2.25E-03,7.59E+00
97.20,2.25E-03,7.59E+00
97.30,2.25E-03,7.59E+00
97.40,2.25E-03,7.59E+00
97.50,2.25E-03,7.59E+00
97.60,2.25E-03,7.59E+00
97.70,2.25E-03,7.59E+00
97.80,2.25E-03,7.59E+00
97.90,2.25E-03,7.59E+00
98.00,2.25E-03,7.59E+00
98.10,2.25E-03,7.59E+00
98.20,2.25E-03,7.59E+00
98.30,2.25E-03,7.59E+00
98.40,2.24E-03,7.59E+00
98.50,2.24E-03,7.59E+00
98.60,2.24E-03,7.59E+00
98.70,2.24E-03,7.59E+00
98.80,2.24E-03,7.59E+00
98.90,2.24E-03,7.59E+00
99.00,2.24E-03,7.59E+00
99.10,2.24E-03,7.59E+00
99.20,2.24E-03,7.59E+00
99.30,2.24E-03,7.59E+00
99.40,2.24E-03,7.59E+00
99.50,2.24E-03,7.59E+00
99.60,2.24E-03,7.59E+00
99.70,2.24E-03,7.59E+00
99.80,2.24E-03,7.59E+00
99.90,2.24E-03,7.59E+00
100.00,2.24E-03,7.59E+00
100.10,2.24E-03,7.59E+00
100.20,2.24E-03,7.59E+00
100.30,2.24E-03,7.59E+00
100.40,2.24E-03,7.59E+00
100.50,2.24E-03,7.59E+00
100.60,2.24E-03,7.59E+00
100.70,2.24E-03,7.59E+00
100.80,2.24E-03,7.59E+00
100.90,2.24E-03,7.59E+00
101.00,2.24E-03,7.59E+00
101.10,2.24E-03,7.59E+00
101.20,2.24E-03,7.59E+00
101.30,2.24E-03,7.59E+00
101.40,2.24E-03,7.59E+00
101.50,2.24E-03,7.59E+00
101.60,2.24E-03,7.59E+00
101.70,2.24E-03,7.59E+00
101.80,2.24E-03,7.59E+00
101.90,2.24E-03,7.59E+00
102.00,2.23E-03,7.59E+00
102.10,2.23E-03,7.59E+00
102.20,2.23E-03,7.59E+00
102.30,2.23E-03,7.59E+00
102.40,2.23E-03,7.59E+00
102.50,2.23E-03,7.59E+00
102.60,2.23E-03,7.59E+00
102.70,2.23E-03,7.59E+00
102.80,2.23E-03,7.59E+00
102.90,2.23E-03,7.59E+00
103.00,2.23E-03,7.59E+00
103.10,2.23E-03,7.59E+00
103.20,2.23E-03,7.59E+00
103.30,2.23E-03,7.59E+00
103.40,2.23E-03,7.59E+00
103.50,2.23E-03,7.59E+00
103.60,2.23E-03,7.59E+00
103.70,2.23E-03,7.59E+00
103.80,2.23E-03,7.59E+00
103.90,2.23E-03,7.59E+00
104.00,2.23E-03,7.59E+00
104.10,2.23E-03,7.59E+00
104.20,2.23E-03,7.59E+00
104.30,2.23E-03,7.59E+00
104.40,2.23E-03,7.59E+00
104.50,2.23E-03,7.59E+00
104.60,2.23E-03,7.59E+00
104.70,2.23E-03,7.59E+00
104.80,2.23E-03,7.59E+00
104.90,2.23E-03,7.59E+00
105.00,2.23E-03,7.59E+00
105.10,2.23E-03,7.59E+00
105.20,2.23E-03,7.59E+00
105.30,2.23E-03,7.59E+00
105.40,2.23E-03,7.59E+00
105.50,2.23E-03,7.59E+00
105.60,2.23E-03,7.59E+00
105.70,2.22E-03,7.59E+00
105.80,2.22E-03,7.59E+00
105.90,2.22E-03,7.59E+00
106.00,2.22E-03,7.59E+00
106.10,2.22E-03,7.59E+00
106.20,2.22E-03,7.59E+00
106.30,2.22E-03,7.59E+00
106.40,2.22E-03,7.59E+00
106.50,2.22E-03,7.59E+00
106.60,2.22E-03,7.59E+00
106.70,2.22E-03,7.59E+00
106.80,2.22E-03,7.59E+00
106.90,2.22E-03,7.59E+00
107.00,2.22E-03,7.59E+00
107.10,2.22E-03,7.59E+00
107.20,2.22E-03,7.59E+00
107.30,2.22E-03,7.59E+00
107.40,2.22E-03,7.59E+00
107.50,2.22E-03,7.59E+00
107.60,2.22E-03,7.59E+00
107.70,2.22E-03,7.59E+00
107.80,2.22E-03,7.59E+00
107.90,2.22E-03,7.59E+00
108.00,2.22E-03,7.59E+00
108.10,2.22E-03,7.59E+00
108.20,2.22E-03,7.59E+00
108.30,2.22E-03,7.59E+00
108.40,2.22E-03,7.59E+00
108.50,2.22E-03,7.59E+00
108.60,2.22E-03,7.59E+00
108.70,2.22E-03,7.59E+00
108.80,2.22E-03,7.59E+00
108.90,2.22E-03,7.59E+00
109.00,2.22E-03,7.59E+00
109.10,2.22E-03,7.59E+00
109.20,2.22E-03,7.59E+00
109.30,2.22E-03,7.59E+00
109.40,2.22E-03,7.59E+00
109.50,2.22E-03,7.59E+00
109.60,2.21E-03,7.59E+00
109.70,2.21E-03,7.59E+00
109.80,2.21E-03,7.59E+00
109.90,2.21E-03,7.59E+00
110.00,2.21E-03,7.59E+00
110.10,2.21E-03,7.59E+00
110.20,2.21E-03,7.59E+00
110.30,2.21E-03,7.59E+00
110.40,2.21E-03,7.59E+00
110.50,2.21E-03,7.59E+00
110.60,2.21E-03,7.59E+00
110.70,2.21E-03,7.59E+00
110.80,2.21E-03,7.60E+00
110.90,2.21E-03,7.60E+00
111.00,2.21E-03,7.60E+00
111.10,2.21E-03,7.60E+00
111.20,2.21E-03,7.60E+00
111.30,2.21E-03,7.60E+00
111.40,2.21E-03,7.60E+00
111.50,2.21E-03,7.60E+00
111.60,2.21E-03,7.60E+00
111.70,2.21E-03,7.60E+00
111.80,2.21E-03,7.60E+00
111.90,2.21E-03,7.60E+00
112.00,2.21E-03,7.60E+00
112.10,2.21E-03,7.60E+00
112.20,2.21E-03,7.60E+00
112.30,2.21E-03,7.60E+00
112.40,2.21E-03,7.60E+00
112.50,2.21E-03,7.60E+00
112.60,2.21E-03,7.60E+00
112.70,2.21E-03,7.60E+00
112.80,2.21E-03,7.60E+00
112.90,2.21E-03,7.60E+00
113.00,2.21E-03,7.60E+00
113.10,2.21E-03,7.60E+00
113.20,2.21E-03,7.60E+00
113.30,2.21E-03,7.60E+00
113.40,2.21E-03,7.60E+00
113.50,2.20E-03,7.60E+00
113.60,2.20E-03,7.60E+00
113.70,2.20E-03,7.60E+00
113.80,2.20E-03,7.60E+00
113.90,2.20E-03,7.60E+00
114.00,2.20E-03,7.60E+00
114.10,2.20E-03,7.60E+00
114.20,2.20E-03,7.60E+00
114.30,2.20E-03,7.60E+00
114.40,2.20E-03,7.60E+00
114.50,2.20E-03,7.60E+00
114.60,2.20E-03,7.60E+00
114.70,2.20E-03,7.60E+00
114.80,2.20E-03,7.60E+00
114.90,2.20E-03,7.60E+00
115.00,2.20E-03,7.60E+00
115.10,2.20E-03,7.60E+00
115.20,2.20E-03,7.60E+00
115.30,2.20E-03,7.60E+00
115.40,2.20E-03,7.60E+00
115.50,2.20E-03,7.60E+00
115.60,2.20E-03,7.60E+00
115.70,2.20E-03,7.60E+00
115.80,2.20E-03,7.60E+00
115.90,2.20E-03,7.60E+00
116.00,2.20E-03,7.60E+00
116.10,2.20E-03,7.60E+00
116.20,2.20E-03,7.60E+00
116.30,2.20E-03,7.60E+00
116.40,2.20E-03,7.60E+00
116.50,2.20E-03,7.60E+00
116.60,2.20E-03,7.60E+00
116.70,2.20E-03,7.60E+00
116.80,2.20E-03,7.60E+00
116.90,2.20E-03,7.60E+00
117.00,2.20E-03,7.60E+00
117.10,2.20E-03,7.60E+00
117.20,2.20E-03,7.60E+00
117.30,2.20E-03,7.60E+00
117.40,2.20E-03,7.60E+00
117.50,2.20E-03,7.60E+00
117.60,2.19E-03,7.60E+00
117.70,2.19E-03,7.60E+00
117.80,2.19E-03,7.60E+00
117.90,2.19E-03,7.60E+00
118.00,2.19E-03,7.60E+00
118.10,2.19E-03,7.60E+00
118.20,2.19E-03,7.60E+00
118.30,2.19E-03,7.60E+00
118.40,2.19E-03,7.60E+00
118.50,2.19E-03,7.60E+00
118.60,2.19E-03,7.60E+00
118.70,2.19E-03,7.60E+00
118.80,2.19E-03,7.60E+00
118.90,2.19E-03,7.60E+00
119.00,2.19E-03,7.60E+00
119.10,2.19E-03,7.60E+00
119.20,2.19E-03,7.60E+00
119.30,2.19E-03,7.60E+00
119.40,2.19E-03,7.60E+00
119.50,2.19E-03,7.60E+00
119.60,2.19E-03,7.60E+00
119.70,2.19E-03,7.60E+00
119.80,2.19E-03,7.60E+00
119.90,2.19E-03,7.60E+00
120.00,2.19E-03,7.60E+00
120.10,2.19E-03,7.60E+00
120.20,2.19E-03,7.60E+00
120.30,2.19E-03,7.60E+00
120.40,2.19E-03,7.60E+00
120.50,2.19E-03,7.60E+00
120.60,2.19E-03,7.60E+00
120.70,2.19E-03,7.60E+00
120.80,2.19E-03,7.60E+00
120.90,2.19E-03,7.60E+00
121.00,2.19E-03,7.60E+00
121.10,2.19E-03,7.60E+00
121.20,2.19E-03,7.60E+00
121.30,2.19E-03,7.60E+00
121.40,2.19E-03,7.60E+00
121.50,2.19E-03,7.60E+00
121.60,2.19E-03,7.60E+00
121.70,2.19E-03,7.60E+00
121.80,2.18E-03,7.60E+00
121.90,2.18E-03,7.60E+00
122.00,2.18E-03,7.60E+00
122.10,2.18E-03,7.60E+00
122.20,2.18E-03,7.60E+00
122.30,2.18E-03,7.60E+00
122.40,2.18E-03,7.60E+00
122.50,2.18E-03,7.60E+00
122.60,2.18E-03,7.60E+00
122.70,2.18E-03,7.60E+00
122.80,2.18E-03,7.60E+00
122.90,2.18E-03,7.60E+00
123.00,2.18E-03,7.60E+00
123.10,2.18E-03,7.60E+00
123.20,2.18E-03,7.60E+00
123.30,2.18E-03,7.60E+00
123.40,2.18E-03,7.60E+00
123.50,2.18E-03,7.60E+00
123.60,2.18E-03,7.60E+00
123.70,2.18E-03,7.60E+00
123.80,2.18E-03,7.60E+00
123.90,2.18E-03,7.60E+00
124.00,2.18E-03,7.60E+00
124.10,2.18E-03,7.60E+00
124.20,2.18E-03,7.60E+00
124.30,2.18E-03,7.60E+00
124.40,2.18E-03,7.60E+00
124.50,2.18E-03,7.60E+00
124.60,2.18E-03,7.60E+00
124.70,2.18E-03,7.60E+00
124.80,2.18E-03,7.60E+00
124.90,2.18E-03,7.60E+00
125.00,2.18E-03,7.60E+00
125.10,2.18E-03,7.60E+00
125.20,2.18E-03,7.60E+00
125.30,2.18E-03,7.60E+00
125.40,2.18E-03,7.60E+00
125.50,2.18E-03,7.60E+00
125.60,2.18E-03,7.60E+00
125.70,2.18E-03,7.60E+00
125.80,2.17E-03,7.60E+00
125.90,2.17E-03,7.60E+00
126.00,2.17E-03,7.60E+00
126.10,2.17E-03,7.61E+00
126.20,2.17E-03,7.61E+00
126.30,2.17E-03,7.61E+00
126.40,2.17E-03,7.61E+00
126.50,2.17E-03,7.61E+00
126.60,2.17E-03,7.61E+00
126.70,2.17E-03,7.61E+00
126.80,2.17E-03,7.61E+00
126.90,2.17E-03,7.61E+00
127.00,2.17E-03,7.61E+00
127.10,2.17E-03,7.61E+00
127.20,2.17E-03,7.61E+00
127.30,2.17E-03,7.61E+00
127.40,2.17E-03,7.61E+00
127.50,2.17E-03,7.61E+00
127.60,2.17E-03,7.61E+00
127.70,2.17E-03,7.61E+00
127.80,2.17E-03,7.61E+00
127.90,2.17E-03,7.61E+00
128.00,2.17E-03,7.61E+00
128.10,2.17E-03,7.61E+00
128.20,2.17E-03,7.61E+00
128.30,2.17E-03,7.61E+00
128.40,2.17E-03,7.61E+00
128.50,2.17E-03,7.61E+00
128.60,2.17E-03,7.61E+00
128.70,2.17E-03,7.61E+00
128.80,2.17E-03,7.61E+00
128.90,2.17E-03,7.61E+00
129.00,2.17E-03,7.61E+00
129.10,2.17E-03,7.61E+00
129.20,2.17E-03,7.61E+00
129.30,2.17E-03,7.61E+00
129.40,2.17E-03,7.61E+00
129.50,2.17E-03,7.61E+00
129.60,2.17E-03,7.61E+00
129.70,2.17E-03,7.61E+00
129.80,2.17E-03,7.61E+00
129.90,2.17E-03,7.61E+00
130.00,2.16E-03,7.61E+00
130.10,2.16E-03,7.61E+00
130.20,2.16E-03,7.61E+00
130.30,2.16E-03,7.61E+00
130.40,2.16E-03,7.61E+00
130.50,2.16E-03,7.61E+00
130.60,2.16E-03,7.61E+00
130.70,2.16E-03,7.61E+00
130.80,2.16E-03,7.61E+00
130.90,2.16E-03,7.61E+00
131.00,2.16E-03,7.61E+00
131.10,2.16E-03,7.61E+00
131.20,2.16E-03,7.61E+00
131.30,2.16E-03,7.61E+00
131.40,2.16E-03,7.61E+00
131.50,2.16E-03,7.61E+00
131.60,2.16E-03,7.61E+00
131.70,2.16E-03,7.61E+00
131.80,2.16E-03,7.61E+00
131.90,2.16E-03,7.61E+00
132.00,2.16E-03,7.61E+00
132.10,2.16E-03,7.61E+00
132.20,2.16E-03,7.61E+00
132.30,2.16E-03,7.61E+00
132.40,2.16E-03,7.61E+00
132.50,2.16E-03,7.61E+00
132.60,2.16E-03,7.61E+00
132.70,2.16E-03,7.61E+00
132.80,2.16E-03,7.61E+00
132.90,2.16E-03,7.61E+00
133.00,2.16E-03,7.61E+00
133.10,2.16E-03,7.61E+00
133.20,2.16E-03,7.61E+00
133.30,2.16E-03,7.61E+00
133.40,2.16E-03,7.61E+00
133.50,2.16E-03,7.61E+00
133.60,2.16E-03,7.61E+00
133.70,2.16E-03,7.61E+00
133.80,2.16E-03,7.61E+00
133.90,2.16E-03,7.61E+00
134.00,2.16E-03,7.61E+00
134.10,2.16E-03,7.61E+00
134.20,2.16E-03,7.61E+00
134.30,2.15E-03,7.61E+00
134.40,2.15E-03,7.61E+00
134.50,2.15E-03,7.61E+00
134.60,2.15E-03,7.61E+00
134.70,2.15E-03,7.61E+00
134.80,2.15E-03,7.61E+00
134.90,2.15E-03,7.61E+00
135.00,2.15E-03,7.61E+00
135.10,2.15E-03,7.61E+00
135.20,2.15E-03,7.61E+00
135.30,2.15E-03,7.61E+00
135.40,2.15E-03,7.61E+00
135.50,2.15E-03,7.61E+00
135.60,2.15E-03,7.61E+00
135.70,2.15E-03,7.61E+00
135.80,2.15E-03,7.61E+00
135.90,2.15E-03,7.61E+00
136.00,2.15E-03,7.61E+00
136.10,2.15E-03,7.61E+00
136.20,2.15E-03,7.61E+00
136.30,2.15E-03,7.61E+00
136.40,2.15E-03,7.61E+00
136.50,2.15E-03,7.61E+00
136.60,2.15E-03,7.61E+00
136.70,2.15E-03,7.61E+00
136.80,2.15E-03,7.61E+00
136.90,2.15E-03,7.61E+00
137.00,2.15E-03,7.61E+00
137.10,2.15E-03,7.61E+00
137.20,2.15E-03,7.61E+00
137.30,2.15E-03,7.61E+00
137.40,2.15E-03,7.61E+00
137.50,2.15E-03,7.61E+00
137.60,2.15E-03,7.61E+00
137.70,2.15E-03,7.61E+00
137.80,2.15E-03,7.61E+00
137.90,2.15E-03,7.61E+00
138.00,2.15E-03,7.61E+00
138.10,2.15E-03,7.61E+00
138.20,2.15E-03,7.61E+00
138.30,2.15E-03,7.61E+00
138.40,2.15E-03,7.61E+00
138.50,2.15E-03,7.61E+00
138.60,2.15E-03,7.61E+00
138.70,2.15E-03,7.61E+00
138.80,2.14E-03,7.61E+00
138.90,2.14E-03,7.61E+00
139.00,2.14E-03,7.61E+00
139.10,2.14E-03,7.61E+00
139.20,2.14E-03,7.61E+00
139.30,2.14E-03,7.61E+00
139.40,2.14E-03,7.61E+00
139.50,2.14E-03,7.61E+00
139.60,2.14E-03,7.61E+00
139.70,2.14E-03,7.61E+00
139.80,2.14E-03,7.61E+00
139.90,2.14E-03,7.61E+00
140.00,2.14E-03,7.61E+00
140.10,2.14E-03,7.61E+00
140.20,2.14E-03,7.61E+00
140.30,2.14E-03,7.61E+00
140.40,2.14E-03,7.61E+00
140.50,2.14E-03,7.61E+00
140.60,2.14E-03,7.61E+00
140.70,2.14E-03,7.61E+00
140.80,2.14E-03,7.61E+00
140.90,2.14E-03,7.61E+00
141.00,2.14E-03,7.61E+00
141.10,2.14E-03,7.61E+00
141.20,2.14E-03,7.61E+00
141.30,2.14E-03,7.61E+00
141.40,2.14E-03,7.61E+00
141.50,2.14E-03,7.61E+00
141.60,2.14E-03,7.61E+00
141.70,2.14E-03,7.61E+00
141.80,2.14E-03,7.61E+00
141.90,2.14E-03,7.61E+00
142.00,2.14E-03,7.61E+00
142.10,2.14E-03,7.61E+00
142.20,2.14E-03,7.61E+00
142.30,2.14E-03,7.61E+00
142.40,2.14E-03,7.61E+00
142.50,2.14E-03,7.61E+00
142.60,2.14E-03,7.61E+00
142.70,2.14E-03,7.61E+00
142.80,2.14E-03,7.61E+00
142.90,2.14E-03,7.61E+00
143.00,2.14E-03,7.61E+00
143.10,2.14E-03,7.61E+00
143.20,2.14E-03,7.61E+00
143.30,2.14E-03,7.61E+00
143.40,2.14E-03,7.61E+00
143.50,2.14E-03,7.61E+00
143.60,2.14E-03,7.61E+00
143.70,2.14E-03,7.61E+00
143.80,2.14E-03,7.61E+00
143.90,2.14E-03,7.61E+00
144.00,2.14E-03,7.61E+00
144.10,2.14E-03,7.60E+00
144.20,2.14E-03,7.60E+00
144.30,2.14E-03,7.60E+00
144.40,2.14E-03,7.60E+00
144.50,2.14E-03,7.60E+00
144.60,2.14E-03,7.60E+00
144.70,2.14E-03,7.60E+00
144.80,2.14E-03,7.60E+00
144.90,2.14E-03,7.60E+00
145.00,2.14E-03,7.60E+00
145.10,2.14E-03,7.60E+00
145.20,2.14E-03,7.60E+00
145.30,2.14E-03,7.60E+00
145.40,2.14E-03,7.60E+00
145.50,2.14E-03,7.60E+00
145.60,2.14E-03,7.60E+00
145.70,2.14E-03,7.60E+00
145.80,2.14E-03,7.60E+00
145.90,2.14E-03,7.60E+00
146.00,2.14E-03,7.60E+00
146.10,2.14E-03,7.60E+00
146.20,2.14E-03,7.60E+00
146.30,2.14E-03,7.60E+00
146.40,2.14E-03,7.60E+00
146.50,2.14E-03,7.60E+00
146.60,2.14E-03,7.60E+00
146.70,2.14E-03,7.60E+00
146.80,2.14E-03,7.60E+00
146.90,2.14E-03,7.60E+00
147.00,2.14E-03,7.60E+00
147.10,2.14E-03,7.60E+00
147.20,2.14E-03,7.60E+00
147.30,2.14E-03,7.60E+00
147.40,2.14E-03,7.60E+00
147.50,2.14E-03,7.60E+00
147.60,2.14E-03,7.60E+00
147.70,2.14E-03,7.60E+00
147.80,2.14E-03,7.60E+00
147.90,2.14E-03,7.60E+00
148.00,2.14E-03,7.60E+00
148.10,2.14E-03,7.60E+00
148.20,2.14E-03,7.60E+00
148.30,2.14E-03,7.60E+00
148.40,2.14E-03,7.60E+00
148.50,2.14E-03,7.59E+00
148.60,2.14E-03,7.59E+00
148.70,2.14E-03,7.59E+00
148.80,2.14E-03,7.59E+00
148.90,2.14E-03,7.59E+00
149.00,2.14E-03,7.59E+00
149.10,2.14E-03,7.59E+00
149.20,2.14E-03,7.59E+00
149.30,2.14E-03,7.59E+00
149.40,2.14E-03,7.59E+00
149.50,2.14E-03,7.59E+00
149.60,2.14E-03,7.59E+00
149.70,2.14E-03,7.59E+00
149.80,2.14E-03,7.59E+00
149.90,2.14E-03,7.59E+00
150.00,2.14E-03,7.59E+00
150.10,2.14E-03,7.59E+00
150.20,2.15E-03,7.59E+00
150.30,2.15E-03,7.59E+00
150.40,2.15E-03,7.59E+00
150.50,2.15E-03,7.59E+00
150.60,2.15E-03,7.59E+00
150.70,2.15E-03,7.59E+00
150.80,2.15E-03,7.59E+00
150.90,2.15E-03,7.59E+00
151.00,2.15E-03,7.59E+00
151.10,2.15E-03,7.59E+00
151.20,2.15E-03,7.59E+00
151.30,2.15E-03,7.59E+00
151.40,2.15E-03,7.59E+00
151.50,2.15E-03,7.59E+00
151.60,2.15E-03,7.59E+00
151.70,2.15E-03,7.59E+00
151.80,2.15E-03,7.59E+00
151.90,2.15E-03,7.59E+00
152.00,2.15E-03,7.59E+00
152.10,2.15E-03,7.59E+00
152.20,2.15E-03,7.59E+00
152.30,2.15E-03,7.59E+00
152.40,2.15E-03,7.59E+00
152.50,2.15E-03,7.59E+00
152.60,2.15E-03,7.59E+00
152.70,2.15E-03,7.59E+00
152.80,2.15E-03,7.59E+00
152.90,2.15E-03,7.59E+00
153.00,2.15E-03,7.58E+00
153.10,2.15E-03,7.58E+00
153.20,2.15E-03,7.58E+00
153.30,2.15E-03,7.58E+00
153.40,2.15E-03,7.58E+00
153.50,2.15E-03,7.58E+00
153.60,2.15E-03,7.58E+00
153.70,2.15E-03,7.58E+00
153.80,2.15E-03,7.58E+00
153.90,2.15E-03,7.58E+00
154.00,2.15E-03,7.58E+00
154.10,2.15E-03,7.58E+00
154.20,2.15E-03,7.58E+00
154.30,2.15E-03,7.58E+00
154.40,2.16E-03,7.58E+00
154.50,2.16E-03,7.58E+00
154.60,2.16E-03,7.58E+00
154.70,2.16E-03,7.58E+00
154.80,2.16E-03,7.58E+00
154.90,2.16E-03,7.58E+00
155.00,2.16E-03,7.58E+00
155.10,2.16E-03,7.58E+00
155.20,2.16E-03,7.58E+00
155.30,2.16E-03,7.58E+00
155.40,2.16E-03,7.58E+00
155.50,2.16E-03,7.58E+00
155.60,2.16E-03,7.58E+00
155.70,2.16E-03,7.58E+00
155.80,2.16E-03,7.58E+00
155.90,2.16E-03,7.58E+00
156.00,2.16E-03,7.58E+00
156.10,2.16E-03,7.58E+00
156.20,2.16E-03,7.58E+00
156.30,2.16E-03,7.58E+00
156.40,2.16E-03,7.58E+00
156.50,2.16E-03,7.58E+00
156.60,2.16E-03,7.58E+00
156.70,2.16E-03,7.58E+00
156.80,2.16E-03,7.58E+00
156.90,2.16E-03,7.58E+00
157.00,2.16E-03,7.58E+00
157.10,2.16E-03,7.58E+00
157.20,2.16E-03,7.58E+00
157.30,2.16E-03,7.58E+00
157.40,2.16E-03,7.58E+00
157.50,2.16E-03,7.58E+00
157.60,2.16E-03,7.58E+00
157.70,2.16E-03,7.58E+00
157.80,2.16E-03,7.58E+00
157.90,2.16E-03,7.58E+00
158.00,2.17E-03,7.58E+00
158.10,2.17E-03,7.58E+00
158.20,2.17E-03,7.58E+00
158.30,2.17E-03,7.58E+00
158.40,2.17E-03,7.58E+00
158.50,2.17E-03,7.58E+00
158.60,2.17E-03,7.58E+00
158.70,2.17E-03,7.58E+00
158.80,2.17E-03,7.58E+00
158.90,2.17E-03,7.58E+00
159.00,2.17E-03,7.58E+00
159.10,2.17E-03,7.58E+00
159.20,2.17E-03,7.58E+00
159.30,2.17E-03,7.58E+00
159.40,2.17E-03,7.58E+00
159.50,2.17E-03,7.58E+00
159.60,2.17E-03,7.58E+00
159.70,2.17E-03,7.58E+00
159.80,2.17E-03,7.58E+00
159.90,2.17E-03,7.58E+00
160.00,2.17E-03,7.58E+00
160.10,2.17E-03,7.58E+00
160.20,2.17E-03,7.58E+00
160.30,2.17E-03,7.58E+00
160.40,2.17E-03,7.58E+00
160.50,2.17E-03,7.58E+00
160.60,2.17E-03,7.58E+00
160.70,2.17E-03,7.58E+00
160.80,2.17E-03,7.58E+00
160.90,2.17E-03,7.58E+00
161.00,2.17E-03,7.58E+00
161.10,2.17E-03,7.58E+00
161.20,2.17E-03,7.58E+00
161.30,2.17E-03,7.58E+00
161.40,2.17E-03,7.58E+00
161.50,2.17E-03,7.58E+00
161.60,2.17E-03,7.58E+00
161.70,2.17E-03,7.58E+00
161.80,2.17E-03,7.58E+00
161.90,2.17E-03,7.58E+00
162.00,2.17E-03,7.58E+00
162.10,2.17E-03,7.58E+00
162.20,2.17E-03,7.58E+00
162.30,2.17E-03,7.58E+00
162.40,2.17E-03,7.58E+00
162.50,2.17E-03,7.58E+00
162.60,2.17E-03,7.58E+00
162.70,2.17E-03,7.58E+00
162.80,2.17E-03,7.58E+00
162.90,2.17E-03,7.58E+00
163.00,2.17E-03,7.58E+00
163.10,2.17E-03,7.58E+00
163.20,2.18E-03,7.58E+00
163.30,2.18E-03,7.58E+00
163.40,2.18E-03,7.58E+00
163.50,2.18E-03,7.58E+00
163.60,2.18E-03,7.58E+00
163.70,2.18E-03,7.58E+00
163.80,2.18E-03,7.58E+00
163.90,2.18E-03,7.58E+00
164.00,2.18E-03,7.58E+00
164.10,2.18E-03,7.58E+00
164.20,2.18E-03,7.58E+00
164.30,2.18E-03,7.58E+00
164.40,2.18E-03,7.58E+00
164.50,2.18E-03,7.58E+00
164.60,2.18E-03,7.58E+00
164.70,2.18E-03,7.58E+00
164.80,2.18E-03,7.58E+00
164.90,2.18E-03,7.58E+00
165.00,2.18E-03,7.58E+00
165.10,2.18E-03,7.58E+00
165.20,2.18E-03,7.58E+00
165.30,2.18E-03,7.58E+00
165.40,2.18E-03,7.58E+00
165.50,2.18E-03,7.58E+00
165.60,2.18E-03,7.58E+00
165.70,2.18E-03,7.58E+00
165.80,2.18E-03,7.58E+00
165.90,2.18E-03,7.58E+00
166.00,2.18E-03,7.58E+00
166.10,2.18E-03,7.58E+00
166.20,2.18E-03,7.58E+00
166.30,2.18E-03,7.58E+00
166.40,2.18E-03,7.58E+00
166.50,2.18E-03,7.58E+00
166.60,2.18E-03,7.58E+00
166.70,2.18E-03,7.58E+00
166.80,2.18E-03,7.58E+00
166.90,2.18E-03,7.58E+00
167.00,2.18E-03,7.58E+00
167.10,2.18E-03,7.58E+00
167.20,2.18E-03,7.58E+00
167.30,2.18E-03,7.58E+00
167.40,2.18E-03,7.58E+00
167.50,2.18E-03,7.58E+00
167.60,2.18E-03,7.58E+00
167.70,2.18E-03,7.58E+00
167.80,2.18E-03,7.58E+00
167.90,2.18E-03,7.58E+00
168.00,2.18E-03,7.58E+00
168.10,2.18E-03,7.58E+00
168.20,2.18E-03,7.58E+00
168.30,2.18E-03,7.58E+00
168.40,2.18E-03,7.58E+00
168.50,2.18E-03,7.58E+00
168.60,2.18E-03,7.58E+00
168.70,2.18E-03,7.58E+00
168.80,2.18E-03,7.58E+00
168.90,2.18E-03,7.58E+00
169.00,2.18E-03,7.58E+00
169.10,2.18E-03,7.58E+00
169.20,2.18E-03,7.58E+00
169.30,2.18E-03,7.58E+00
169.40,2.18E-03,7.58E+00
169.50,2.18E-03,7.58E+00
169.60,2.18E-03,7.58E+00
169.70,2.18E-03,7.58E+00
169.80,2.18E-03,7.58E+00
169.90,2.18E-03,7.58E+00
170.00,2.18E-03,7.58E+00
170.10,2.18E-03,7.58E+00
170.20,2.18E-03,7.58E+00
170.30,2.18E-03,7.58E+00
170.40,2.18E-03,7.59E+00
170.50,2.18E-03,7.59E+00
170.60,2.18E-03,7.59E+00
170.70,2.18E-03,7.59E+00
170.80,2.18E-03,7.59E+00
170.90,2.18E-03,7.59E+00
171.00,2.18E-03,7.59E+00
171.10,2.18E-03,7.59E+00
171.20,2.18E-03,7.59E+00
171.30,2.18E-03,7.59E+00
171.40,2.18E-03,7.59E+00
171.50,2.18E-03,7.59E+00
171.60,2.18E-03,7.59E+00
171.70,2.18E-03,7.59E+00
171.80,2.18E-03,7.59E+00
171.90,2.18E-03,7.59E+00
172.00,2.18E-03,7.59E+00
172.10,2.18E-03,7.59E+00
172.20,2.18E-03,7.59E+00
172.30,2.18E-03,7.59E+00
172.40,2.18E-03,7.59E+00
172.50,2.18E-03,7.59E+00
172.60,2.18E-03,7.59E+00
172.70,2.18E-03,7.59E+00
172.80,2.18E-03,7.59E+00
172.90,2.18E-03,7.59E+00
173.00,2.18E-03,7.59E+00
173.10,2.18E-03,7.60E+00
173.20,2.18E-03,7.60E+00
173.30,2.18E-03,7.60E+00
173.40,2.18E-03,7.60E+00
173.50,2.18E-03,7.60E+00
173.60,2.18E-03,7.60E+00
173.70,2.18E-03,7.60E+00
173.80,2.18E-03,7.60E+00
173.90,2.18E-03,7.60E+00
174.00,2.18E-03,7.60E+00
174.10,2.18E-03,7.60E+00
174.20,2.18E-03,7.60E+00
174.30,2.18E-03,7.60E+00
174.40,2.18E-03,7.60E+00
174.50,2.18E-03,7.60E+00
174.60,2.18E-03,7.60E+00
174.70,2.18E-03,7.60E+00
174.80,2.18E-03,7.60E+00
174.90,2.17E-03,7.60E+00
175.00,2.17E-03,7.60E+00
175.10,2.17E-03,7.60E+00
175.20,2.17E-03,7.60E+00
175.30,2.17E-03,7.60E+00
175.40,2.17E-03,7.60E+00
175.50,2.17E-03,7.60E+00
175.60,2.17E-03,7.60E+00
175.70,2.17E-03,7.60E+00
175.80,2.17E-03,7.60E+00
175.90,2.17E-03,7.61E+00
176.00,2.17E-03,7.61E+00
176.10,2.17E-03,7.61E+00
176.20,2.17E-03,7.61E+00
176.30,2.17E-03,7.61E+00
176.40,2.17E-03,7.61E+00
176.50,2.17E-03,7.61E+00
176.60,2.17E-03,7.61E+00
176.70,2.17E-03,7.61E+00
176.80,2.17E-03,7.61E+00
176.90,2.17E-03,7.61E+00
177.00,2.17E-03,7.61E+00
177.10,2.17E-03,7.61E+00
177.20,2.17E-03,7.61E+00
177.30,2.17E-03,7.61E+00
177.40,2.17E-03,7.61E+00
177.50,2.17E-03,7.61E+00
177.60,2.16E-03,7.61E+00
177.70,2.16E-03,7.61E+00
177.80,2.16E-03,7.61E+00
177.90,2.16E-03,7.61E+00
178.00,2.16E-03,7.61E+00
178.10,2.16E-03,7.61E+00
178.20,2.16E-03,7.61E+00
178.30,2.16E-03,7.61E+00
178.40,2.16E-03,7.61E+00
178.50,2.16E-03,7.61E+00
178.60,2.16E-03,7.61E+00
178.70,2.16E-03,7.62E+00
178.80,2.16E-03,7.62E+00
178.90,2.16E-03,7.62E+00
179.00,2.16E-03,7.62E+00
179.10,2.16E-03,7.62E+00
179.20,2.16E-03,7.62E+00
179.30,2.16E-03,7.62E+00
179.40,2.16E-03,7.62E+00
179.50,2.16E-03,7.62E+00
179.60,2.16E-03,7.62E+00
179.70,2.16E-03,7.62E+00
179.80,2.16E-03,7.62E+00
179.90,2.15E-03,7.62E+00
180.00,2.15E-03,7.62E+00
180.10,2.15E-03,7.62E+00
180.20,2.15E-03,7.62E+00
180.30,2.15E-03,7.62E+00
180.40,2.15E-03,7.62E+00
180.50,2.15E-03,7.62E+00
180.60,2.15E-03,7.62E+00
180.70,2.15E-03,7.62E+00
180.80,2.15E-03,7.62E+00
180.90,2.15E-03,7.62E+00
181.00,2.15E-03,7.62E+00
181.10,2.15E-03,7.62E+00
181.20,2.15E-03,7.62E+00
181.30,2.15E-03,7.62E+00
181.40,2.15E-03,7.62E+00
181.50,2.15E-03,7.62E+00
181.60,2.15E-03,7.62E+00
181.70,2.15E-03,7.62E+00
181.80,2.15E-03,7.62E+00
181.90,2.15E-03,7.62E+00
182.00,2.15E-03,7.62E+00
182.10,2.15E-03,7.62E+00
182.20,2.14E-03,7.62E+00
182.30,2.14E-03,7.62E+00
182.40,2.14E-03,7.62E+00
182.50,2.14E-03,7.62E+00
182.60,2.14E-03,7.62E+00
182.70,2.14E-03,7.62E+00
182.80,2.14E-03,7.62E+00
182.90,2.14E-03,7.62E+00
183.00,2.14E-03,7.62E+00
183.10,2.14E-03,7.62E+00
183.20,2.14E-03,7.62E+00
183.30,2.14E-03,7.62E+00
183.40,2.14E-03,7.62E+00
183.50,2.14E-03,7.62E+00
183.60,2.14E-03,7.62E+00
183.70,2.14E-03,7.62E+00
183.80,2.14E-03,7.62E+00
183.90,2.14E-03,7.62E+00
184.00,2.14E-03,7.62E+00
184.10,2.14E-03,7.62E+00
184.20,2.14E-03,7.62E+00
184.30,2.14E-03,7.62E+00
184.40,2.14E-03,7.62E+00
184.50,2.14E-03,7.62E+00
184.60,2.14E-03,7.62E+00
184.70,2.13E-03,7.62E+00
184.80,2.13E-03,7.62E+00
184.90,2.13E-03,7.63E+00
185.00,2.13E-03,7.63E+00
185.10,2.13E-03,7.63E+00
185.20,2.13E-03,7.63E+00
185.30,2.13E-03,7.63E+00
185.40,2.13E-03,7.63E+00
185.50,2.13E-03,7.63E+00
185.60,2.13E-03,7.63E+00
185.70,2.13E-03,7.63E+00
185.80,2.13E-03,7.63E+00
185.90,2.13E-03,7.63E+00
186.00,2.13E-03,7.63E+00
186.10,2.13E-03,7.63E+00
186.20,2.13E-03,7.63E+00
186.30,2.13E-03,7.63E+00
186.40,2.13E-03,7.63E+00
186.50,2.13E-03,7.63E+00
186.60,2.13E-03,7.63E+00
186.70,2.13E-03,7.63E+00
186.80,2.13E-03,7.63E+00
186.90,2.13E-03,7.63E+00
187.00,2.13E-03,7.63E+00
187.10,2.13E-03,7.63E+00
187.20,2.13E-03,7.63E+00
187.30,2.13E-03,7.63E+00
187.40,2.12E-03,7.63E+00
187.50,2.12E-03,7.63E+00
187.60,2.12E-03,7.63E+00
187.70,2.12E-03,7.63E+00
187.80,2.12E-03,7.63E+00
187.90,2.12E-03,7.63E+00
188.00,2.12E-03,7.63E+00
188.10,2.12E-03,7.63E+00
188.20,2.12E-03,7.63E+00
188.30,2.12E-03,7.63E+00
188.40,2.12E-03,7.63E+00
188.50,2.12E-03,7.63E+00
188.60,2.12E-03,7.63E+00
188.70,2.12E-03,7.63E+00
188.80,2.12E-03,7.63E+00
188.90,2.12E-03,7.63E+00
189.00,2.12E-03,7.63E+00
189.10,2.12E-03,7.63E+00
189.20,2.12E-03,7.63E+00
189.30,2.12E-03,7.63E+00
189.40,2.12E-03,7.63E+00
189.50,2.12E-03,7.63E+00
189.60,2.12E-03,7.63E+00
189.70,2.12E-03,7.63E+00
189.80,2.12E-03,7.63E+00
189.90,2.12E-03,7.63E+00
190.00,2.11E-03,7.63E+00
190.10,2.11E-03,7.63E+00
190.20,2.11E-03,7.63E+00
190.30,2.11E-03,7.63E+00
190.40,2.11E-03,7.63E+00
190.50,2.11E-03,7.63E+00
190.60,2.11E-03,7.63E+00
190.70,2.11E-03,7.63E+00
190.80,2.11E-03,7.63E+00
190.90,2.11E-03,7.63E+00
191.00,2.11E-03,7.63E+00
191.10,2.11E-03,7.63E+00
191.20,2.11E-03,7.63E+00
191.30,2.11E-03,7.63E+00
191.40,2.11E-03,7.63E+00
191.50,2.11E-03,7.63E+00
191.60,2.11E-03,7.63E+00
191.70,2.11E-03,7.64E+00
191.80,2.11E-03,7.64E+00
191.90,2.11E-03,7.64E+00
192.00,2.11E-03,7.64E+00
192.10,2.11E-03,7.64E+00
192.20,2.11E-03,7.64E+00
192.30,2.11E-03,7.64E+00
192.40,2.11E-03,7.64E+00
192.50,2.11E-03,7.64E+00
192.60,2.10E-03,7.64E+00
192.70,2.10E-03,7.64E+00
192.80,2.10E-03,7.64E+00
192.90,2.10E-03,7.64E+00
193.00,2.10E-03,7.64E+00
193.10,2.10E-03,7.64E+00
193.20,2.10E-03,7.64E+00
193.30,2.10E-03,7.64E+00
193.40,2.10E-03,7.64E+00
193.50,2.10E-03,7.64E+00
193.60,2.10E-03,7.64E+00
193.70,2.10E-03,7.64E+00
193.80,2.10E-03,7.64E+00
193.90,2.10E-03,7.64E+00
194.00,2.10E-03,7.64E+00
194.10,2.10E-03,7.64E+00
194.20,2.10E-03,7.64E+00
194.30,2.10E-03,7.64E+00
194.40,2.10E-03,7.64E+00
194.50,2.10E-03,7.64E+00
194.60,2.10E-03,7.64E+00
194.70,2.10E-03,7.64E+00
194.80,2.10E-03,7.64E+00
194.90,2.10E-03,7.64E+00
195.00,2.10E-03,7.64E+00
195.10,2.10E-03,7.64E+00
195.20,2.09E-03,7.64E+00
195.30,2.09E-03,7.64E+00
195.40,2.09E-03,7.64E+00
195.50,2.09E-03,7.64E+00
195.60,2.09E-03,7.64E+00
195.70,2.09E-03,7.64E+00
195.80,2.09E-03,7.64E+00
195.90,2.09E-03,7.64E+00
196.00,2.09E-03,7.64E+00
196.10,2.09E-03,7.64E+00
196.20,2.09E-03,7.64E+00
196.30,2.09E-03,7.64E+00
196.40,2.09E-03,7.64E+00
196.50,2.09E-03,7.64E+00
196.60,2.09E-03,7.64E+00
196.70,2.09E-03,7.64E+00
196.80,2.09E-03,7.64E+00
196.90,2.09E-03,7.64E+00
197.00,2.09E-03,7.64E+00
197.10,2.09E-03,7.64E+00
197.20,2.09E-03,7.64E+00
197.30,2.09E-03,7.64E+00
197.40,2.09E-03,7.64E+00
197.50,2.09E-03,7.64E+00
197.60,2.09E-03,7.64E+00
197.70,2.09E-03,7.64E+00
197.80,2.09E-03,7.64E+00
197.90,2.09E-03,7.64E+00
198.00,2.09E-03,7.64E+00
198.10,2.08E-03,7.64E+00
198.20,2.08E-03,7.64E+00
198.30,2.08E-03,7.64E+00
198.40,2.08E-03,7.64E+00
198.50,2.08E-03,7.64E+00
198.60,2.08E-03,7.64E+00
198.70,2.08E-03,7.64E+00
198.80,2.08E-03,7.64E+00
198.90,2.08E-03,7.64E+00
199.00,2.08E-03,7.64E+00
199.10,2.08E-03,7.64E+00
199.20,2.08E-03,7.64E+00
199.30,2.08E-03,7.64E+00
199.40,2.08E-03,7.64E+00
199.50,2.08E-03,7.64E+00
199.60,2.08E-03,7.64E+00
199.70,2.08E-03,7.64E+00
199.80,2.08E-03,7.64E+00
199.90,2.08E-03,7.64E+00
200.00,2.08E-03,7.64E+00
200.10,2.08E-03,7.64E+00
200.20,2.08E-03,7.64E+00
200.30,2.08E-03,7.64E+00
200.40,2.08E-03,7.64E+00
200.50,2.08E-03,7.64E+00
200.60,2.08E-03,7.64E+00
200.70,2.08E-03,7.64E+00
200.80,2.08E-03,7.64E+00
200.90,2.08E-03,7.64E+00
201.00,2.08E-03,7.64E+00
201.10,2.08E-03,7.64E+00
201.20,2.08E-03,7.64E+00
201.30,2.08E-03,7.64E+00
201.40,2.08E-03,7.64E+00
201.50,2.08E-03,7.64E+00
201.60,2.08E-03,7.64E+00
201.70,2.08E-03,7.64E+00
201.80,2.08E-03,7.64E+00
201.90,2.08E-03,7.64E+00
202.00,2.08E-03,7.64E+00
202.10,2.07E-03,7.64E+00
202.20,2.07E-03,7.64E+00
202.30,2.07E-03,7.64E+00
202.40,2.07E-03,7.64E+00
202.50,2.07E-03,7.64E+00
202.60,2.07E-03,7.64E+00
202.70,2.07E-03,7.64E+00
202.80,2.07E-03,7.64E+00
202.90,2.07E-03,7.64E+00
203.00,2.07E-03,7.64E+00
203.10,2.07E-03,7.64E+00
203.20,2.07E-03,7.64E+00
203.30,2.07E-03,7.64E+00
203.40,2.07E-03,7.64E+00
203.50,2.07E-03,7.64E+00
203.60,2.07E-03,7.64E+00
203.70,2.07E-03,7.64E+00
203.80,2.07E-03,7.64E+00
203.90,2.07E-03,7.64E+00
204.00,2.07E-03,7.64E+00
204.10,2.07E-03,7.64E+00
204.20,2.07E-03,7.64E+00
204.30,2.07E-03,7.64E+00
204.40,2.07E-03,7.64E+00
204.50,2.07E-03,7.64E+00
204.60,2.07E-03,7.64E+00
204.70,2.07E-03,7.64E+00
204.80,2.07E-03,7.64E+00
204.90,2.07E-03,7.64E+00
205.00,2.07E-03,7.64E+00
205.10,2.07E-03,7.64E+00
205.20,2.07E-03,7.64E+00
205.30,2.07E-03,7.64E+00
205.40,2.07E-03,7.64E+00
205.50,2.07E-03,7.64E+00
205.60,2.07E-03,7.64E+00
205.70,2.07E-03,7.64E+00
205.80,2.07E-03,7.64E+00
205.90,2.07E-03,7.64E+00
206.00,2.07E-03,7.64E+00
206.10,2.07E-03,7.64E+00
206.20,2.07E-03,7.64E+00
206.30,2.07E-03,7.64E+00
206.40,2.07E-03,7.64E+00
206.50,2.07E-03,7.64E+00
206.60,2.07E-03,7.64E+00
206.70,2.07E-03,7.64E+00
206.80,2.07E-03,7.64E+00
206.90,2.07E-03,7.64E+00
207.00,2.07E-03,7.64E+00
207.10,2.06E-03,7.64E+00
207.20,2.06E-03,7.64E+00
207.30,2.06E-03,7.64E+00
207.40,2.06E-03,7.64E+00
207.50,2.06E-03,7.64E+00
207.60,2.06E-03,7.64E+00
207.70,2.06E-03,7.64E+00
207.80,2.06E-03,7.64E+00
207.90,2.06E-03,7.64E+00
208.00,2.06E-03,7.64E+00
208.10,2.06E-03,7.64E+00
208.20,2.06E-03,7.64E+00
208.30,2.06E-03,7.64E+00
208.40,2.06E-03,7.64E+00
208.50,2.06E-03,7.64E+00
208.60,2.06E-03,7.64E+00
208.70,2.06E-03,7.64E+00
208.80,2.06E-03,7.64E+00
208.90,2.06E-03,7.64E+00
209.00,2.06E-03,7.64E+00
209.10,2.06E-03,7.64E+00
209.20,2.06E-03,7.64E+00
209.30,2.06E-03,7.64E+00
209.40,2.06E-03,7.64E+00
209.50,2.06E-03,7.64E+00
209.60,2.06E-03,7.64E+00
209.70,2.06E-03,7.64E+00
209.80,2.06E-03,7.64E+00
209.90,2.06E-03,7.64E+00
210.00,2.06E-03,7.64E+00
210.10,2.06E-03,7.64E+00
210.20,2.06E-03,7.64E+00
210.30,2.06E-03,7.64E+00
210.40,2.06E-03,7.64E+00
210.50,2.06E-03,7.64E+00
210.60,2.06E-03,7.64E+00
210.70,2.06E-03,7.64E+00
210.80,2.06E-03,7.64E+00
210.90,2.06E-03,7.64E+00
211.00,2.06E-03,7.64E+00
211.10,2.06E-03,7.64E+00
211.20,2.06E-03,7.64E+00
211.30,2.06E-03,7.64E+00
211.40,2.06E-03,7.64E+00
211.50,2.06E-03,7.64E+00
211.60,2.06E-03,7.64E+00
211.70,2.06E-03,7.64E+00
211.80,2.06E-03,7.64E+00
211.90,2.06E-03,7.64E+00
212.00,2.06E-03,7.64E+00
212.10,2.06E-03,7.64E+00
212.20,2.05E-03,7.64E+00
212.30,2.05E-03,7.64E+00
212.40,2.05E-03,7.64E+00
212.50,2.05E-03,7.64E+00
212.60,2.05E-03,7.64E+00
212.70,2.05E-03,7.64E+00
212.80,2.05E-03,7.64E+00
212.90,2.05E-03,7.64E+00
213.00,2.05E-03,7.64E+00
213.10,2.05E-03,7.64E+00
213.20,2.05E-03,7.64E+00
213.30,2.05E-03,7.64E+00
213.40,2.05E-03,7.65E+00
213.50,2.05E-03,7.65E+00
213.60,2.05E-03,7.65E+00
213.70,2.05E-03,7.65E+00
213.80,2.05E-03,7.65E+00
213.90,2.05E-03,7.65E+00
214.00,2.05E-03,7.65E+00
214.10,2.05E-03,7.65E+00
214.20,2.05E-03,7.65E+00
214.30,2.05E-03,7.65E+00
214.40,2.05E-03,7.65E+00
214.50,2.05E-03,7.65E+00
214.60,2.05E-03,7.65E+00
214.70,2.05E-03,7.65E+00
214.80,2.05E-03,7.65E+00
214.90,2.05E-03,7.65E+00
215.00,2.05E-03,7.65E+00
215.10,2.05E-03,7.64E+00
215.20,2.05E-03,7.64E+00
215.30,2.05E-03,7.64E+00
215.40,2.05E-03,7.64E+00
215.50,2.05E-03,7.64E+00
215.60,2.05E-03,7.64E+00
215.70,2.05E-03,7.64E+00
215.80,2.05E-03,7.64E+00
215.90,2.05E-03,7.64E+00
216.00,2.05E-03,7.64E+00
216.10,2.05E-03,7.64E+00
216.20,2.05E-03,7.64E+00
216.30,2.05E-03,7.64E+00
216.40,2.05E-03,7.64E+00
216.50,2.05E-03,7.64E+00
216.60,2.05E-03,7.64E+00
216.70,2.05E-03,7.64E+00
216.80,2.05E-03,7.64E+00
216.90,2.05E-03,7.64E+00
217.00,2.05E-03,7.64E+00
217.10,2.05E-03,7.64E+00
217.20,2.05E-03,7.64E+00
217.30,2.05E-03,7.64E+00
217.40,2.05E-03,7.64E+00
217.50,2.05E-03,7.64E+00
217.60,2.05E-03,7.64E+00
217.70,2.05E-03,7.64E+00
217.80,2.05E-03,7.64E+00
217.90,2.04E-03,7.64E+00
218.00,2.04E-03,7.64E+00
218.10,2.04E-03,7.64E+00
218.20,2.04E-03,7.64E+00
218.30,2.04E-03,7.64E+00
218.40,2.04E-03,7.64E+00
218.50,2.04E-03,7.64E+00
218.60,2.04E-03,7.64E+00
218.70,2.04E-03,7.64E+00
218.80,2.04E-03,7.64E+00
218.90,2.04E-03,7.64E+00
219.00,2.04E-03,7.64E+00
219.10,2.04E-03,7.64E+00
219.20,2.04E-03,7.64E+00
219.30,2.04E-03,7.64E+00
219.40,2.04E-03,7.64E+00
219.50,2.04E-03,7.64E+00
219.60,2.04E-03,7.64E+00
219.70,2.04E-03,7.64E+00
219.80,2.04E-03,7.64E+00
219.90,2.04E-03,7.64E+00
220.00,2.04E-03,7.64E+00
220.10,2.04E-03,7.64E+00
220.20,2.04E-03,7.64E+00
220.30,2.04E-03,7.64E+00
220.40,2.04E-03,7.64E+00
220.50,2.04E-03,7.64E+00
220.60,2.04E-03,7.64E+00
220.70,2.04E-03,7.64E+00
220.80,2.04E-03,7.64E+00
220.90,2.04E-03,7.64E+00
221.00,2.04E-03,7.64E+00
221.10,2.04E-03,7.64E+00
221.20,2.04E-03,7.64E+00
221.30,2.04E-03,7.64E+00
221.40,2.04E-03,7.64E+00
221.50,2.04E-03,7.64E+00
221.60,2.04E-03,7.64E+00
221.70,2.04E-03,7.64E+00
221.80,2.04E-03,7.64E+00
221.90,2.04E-03,7.64E+00
222.00,2.04E-03,7.64E+00
222.10,2.04E-03,7.64E+00
222.20,2.04E-03,7.64E+00
222.30,2.04E-03,7.64E+00
222.40,2.04E-03,7.64E+00
222.50,2.04E-03,7.64E+00
222.60,2.04E-03,7.64E+00
222.70,2.04E-03,7.64E+00
222.80,2.04E-03,7.64E+00
222.90,2.04E-03,7.64E+00
223.00,2.04E-03,7.64E+00
223.10,2.04E-03,7.64E+00
223.20,2.04E-03,7.64E+00
223.30,2.04E-03,7.64E+00
223.40,2.04E-03,7.64E+00
223.50,2.04E-03,7.64E+00
223.60,2.04E-03,7.64E+00
223.70,2.04E-03,7.64E+00
223.80,2.04E-03,7.64E+00
223.90,2.04E-03,7.64E+00
224.00,2.04E-03,7.64E+00
224.10,2.04E-03,7.64E+00
224.20,2.04E-03,7.64E+00
224.30,2.04E-03,7.64E+00
224.40,2.04E-03,7.64E+00
224.50,2.04E-03,7.64E+00
224.60,2.04E-03,7.64E+00
224.70,2.04E-03,7.64E+00
224.80,2.04E-03,7.64E+00
224.90,2.04E-03,7.64E+00
225.00,2.04E-03,7.64E+00
225.10,2.04E-03,7.64E+00
225.20,2.04E-03,7.64E+00
225.30,2.04E-03,7.64E+00
225.40,2.04E-03,7.64E+00
225.50,2.04E-03,7.64E+00
225.60,2.04E-03,7.64E+00
225.70,2.04E-03,7.64E+00
225.80,2.04E-03,7.64E+00
225.90,2.04E-03,7.64E+00
226.00,2.04E-03,7.64E+00
226.10,2.04E-03,7.64E+00
226.20,2.04E-03,7.64E+00
226.30,2.04E-03,7.64E+00
226.40,2.04E-03,7.64E+00
226.50,2.04E-03,7.64E+00
226.60,2.04E-03,7.64E+00
226.70,2.04E-03,7.64E+00
226.80,2.04E-03,7.64E+00
226.90,2.04E-03,7.64E+00
227.00,2.04E-03,7.64E+00
227.10,2.04E-03,7.64E+00
227.20,2.04E-03,7.64E+00
227.30,2.04E-03,7.64E+00
227.40,2.04E-03,7.64E+00
227.50,2.04E-03,7.64E+00
227.60,2.04E-03,7.64E+00
227.70,2.04E-03,7.64E+00
227.80,2.04E-03,7.64E+00
227.90,2.04E-03,7.64E+00
228.00,2.04E-03,7.64E+00
228.10,2.04E-03,7.64E+00
228.20,2.04E-03,7.64E+00
228.30,2.04E-03,7.64E+00
228.40,2.04E-03,7.64E+00
228.50,2.04E-03,7.64E+00
228.60,2.04E-03,7.64E+00
228.70,2.04E-03,7.64E+00
228.80,2.04E-03,7.64E+00
228.90,2.04E-03,7.64E+00
229.00,2.04E-03,7.64E+00
229.10,2.04E-03,7.64E+00
229.20,2.04E-03,7.64E+00
229.30,2.04E-03,7.64E+00
229.40,2.04E-03,7.64E+00
229.50,2.04E-03,7.64E+00
229.60,2.04E-03,7.64E+00
229.70,2.04E-03,7.64E+00
229.80,2.04E-03,7.64E+00
229.90,2.04E-03,7.64E+00
230.00,2.04E-03,7.64E+00
230.10,2.04E-03,7.64E+00
230.20,2.04E-03,7.64E+00
230.30,2.04E-03,7.64E+00
230.40,2.04E-03,7.64E+00
230.50,2.04E-03,7.64E+00
230.60,2.04E-03,7.64E+00
230.70,2.04E-03,7.64E+00
230.80,2.04E-03,7.64E+00
230.90,2.04E-03,7.64E+00
231.00,2.04E-03,7.64E+00
231.10,2.04E-03,7.64E+00
231.20,2.04E-03,7.64E+00
231.30,2.04E-03,7.64E+00
231.40,2.04E-03,7.64E+00
231.50,2.04E-03,7.64E+00
231.60,2.04E-03,7.64E+00
231.70,2.04E-03,7.64E+00
231.80,2.04E-03,7.64E+00
231.90,2.04E-03,7.64E+00
232.00,2.04E-03,7.64E+00
232.10,2.04E-03,7.64E+00
232.20,2.04E-03,7.64E+00
232.30,2.04E-03,7.64E+00
232.40,2.04E-03,7.64E+00
232.50,2.04E-03,7.64E+00
232.60,2.04E-03,7.64E+00
232.70,2.04E-03,7.64E+00
232.80,2.04E-03,7.64E+00
232.90,2.04E-03,7.64E+00
233.00,2.04E-03,7.64E+00
233.10,2.04E-03,7.64E+00
233.20,2.04E-03,7.64E+00
233.30,2.04E-03,7.64E+00
233.40,2.04E-03,7.64E+00
233.50,2.04E-03,7.64E+00
233.60,2.04E-03,7.64E+00
233.70,2.04E-03,7.64E+00
233.80,2.04E-03,7.64E+00
233.90,2.04E-03,7.64E+00
234.00,2.04E-03,7.64E+00
234.10,2.04E-03,7.64E+00
234.20,2.04E-03,7.64E+00
234.30,2.04E-03,7.64E+00
234.40,2.04E-03,7.64E+00
234.50,2.04E-03,7.64E+00
234.60,2.04E-03,7.64E+00
234.70,2.04E-03,7.64E+00
234.80,2.04E-03,7.64E+00
234.90,2.04E-03,7.64E+00
235.00,2.04E-03,7.64E+00
235.10,2.04E-03,7.64E+00
235.20,2.04E-03,7.64E+00
235.30,2.04E-03,7.64E+00
235.40,2.04E-03,7.64E+00
235.50,2.04E-03,7.64E+00
235.60,2.04E-03,7.64E+00
235.70,2.04E-03,7.64E+00
235.80,2.04E-03,7.64E+00
235.90,2.04E-03,7.64E+00
236.00,2.04E-03,7.64E+00
236.10,2.04E-03,7.64E+00
236.20,2.04E-03,7.64E+00
236.30,2.04E-03,7.64E+00
236.40,2.04E-03,7.64E+00
236.50,2.04E-03,7.64E+00
236.60,2.04E-03,7.64E+00
236.70,2.04E-03,7.64E+00
236.80,2.04E-03,7.64E+00
236.90,2.04E-03,7.64E+00
237.00,2.04E-03,7.64E+00
237.10,2.04E-03,7.64E+00
237.20,2.04E-03,7.64E+00
237.30,2.04E-03,7.64E+00
237.40,2.04E-03,7.64E+00
237.50,2.04E-03,7.64E+00
237.60,2.04E-03,7.64E+00
237.70,2.04E-03,7.64E+00
237.80,2.04E-03,7.64E+00
237.90,2.04E-03,7.64E+00
238.00,2.04E-03,7.64E+00
238.10,2.04E-03,7.64E+00
238.20,2.04E-03,7.64E+00
238.30,2.04E-03,7.64E+00
238.40,2.04E-03,7.64E+00
238.50,2.04E-03,7.64E+00
238.60,2.04E-03,7.64E+00
238.70,2.04E-03,7.64E+00
238.80,2.04E-03,7.64E+00
238.90,2.04E-03,7.64E+00
239.00,2.04E-03,7.64E+00
239.10,2.03E-03,7.64E+00
239.20,2.03E-03,7.64E+00
239.30,2.03E-03,7.64E+00
239.40,2.03E-03,7.64E+00
239.50,2.03E-03,7.64E+00
239.60,2.03E-03,7.64E+00
239.70,2.03E-03,7.64E+00
239.80,2.03E-03,7.64E+00
239.90,2.03E-03,7.64E+00
240.00,2.03E-03,7.64E+00
240.10,2.03E-03,7.64E+00
240.20,2.03E-03,7.64E+00
240.30,2.03E-03,7.64E+00
240.40,2.03E-03,7.64E+00
240.50,2.03E-03,7.64E+00
240.60,2.03E-03,7.64E+00
240.70,2.03E-03,7.64E+00
240.80,2.03E-03,7.64E+00
240.90,2.03E-03,7.64E+00
241.00,2.03E-03,7.64E+00
241.10,2.03E-03,7.64E+00
241.20,2.03E-03,7.64E+00
241.30,2.03E-03,7.64E+00
241.40,2.03E-03,7.64E+00
241.50,2.03E-03,7.65E+00
241.60,2.03E-03,7.65E+00
241.70,2.03E-03,7.65E+00
241.80,2.03E-03,7.65E+00
241.90,2.03E-03,7.65E+00
242.00,2.03E-03,7.65E+00
242.10,2.03E-03,7.65E+00
242.20,2.03E-03,7.65E+00
242.30,2.03E-03,7.65E+00
242.40,2.03E-03,7.65E+00
242.50,2.03E-03,7.65E+00
242.60,2.03E-03,7.65E+00
242.70,2.03E-03,7.65E+00
242.80,2.03E-03,7.65E+00
242.90,2.03E-03,7.65E+00
243.00,2.03E-03,7.65E+00
243.10,2.03E-03,7.65E+00
243.20,2.03E-03,7.65E+00
243.30,2.03E-03,7.65E+00
243.40,2.03E-03,7.65E+00
243.50,2.03E-03,7.65E+00
243.60,2.03E-03,7.65E+00
243.70,2.03E-03,7.65E+00
243.80,2.03E-03,7.65E+00
243.90,2.03E-03,7.65E+00
244.00,2.03E-03,7.65E+00
244.10,2.03E-03,7.65E+00
244.20,2.03E-03,7.65E+00
244.30,2.03E-03,7.65E+00
244.40,2.03E-03,7.65E+00
244.50,2.03E-03,7.65E+00
244.60,2.03E-03,7.65E+00
244.70,2.03E-03,7.65E+00
244.80,2.03E-03,7.65E+00
244.90,2.03E-03,7.65E+00
245.00,2.03E-03,7.65E+00
245.10,2.03E-03,7.65E+00
245.20,2.03E-03,7.65E+00
245.30,2.03E-03,7.65E+00
245.40,2.03E-03,7.65E+00
245.50,2.03E-03,7.65E+00
245.60,2.03E-03,7.65E+00
245.70,2.03E-03,7.65E+00
245.80,2.03E-03,7.65E+00
245.90,2.03E-03,7.65E+00
246.00,2.03E-03,7.65E+00
246.10,2.03E-03,7.65E+00
246.20,2.03E-03,7.65E+00
246.30,2.03E-03,7.65E+00
246.40,2.03E-03,7.65E+00
246.50,2.03E-03,7.65E+00
246.60,2.03E-03,7.65E+00
246.70,2.02E-03,7.65E+00
246.80,2.02E-03,7.65E+00
246.90,2.02E-03,7.65E+00
247.00,2.02E-03,7.65E+00
247.10,2.02E-03,7.65E+00
247.20,2.02E-03,7.65E+00
247.30,2.02E-03,7.65E+00
247.40,2.02E-03,7.65E+00
247.50,2.02E-03,7.65E+00
247.60,2.02E-03,7.65E+00
247.70,2.02E-03,7.65E+00
247.80,2.02E-03,7.65E+00
247.90,2.02E-03,7.65E+00
248.00,2.02E-03,7.65E+00
248.10,2.02E-03,7.65E+00
248.20,2.02E-03,7.65E+00
248.30,2.02E-03,7.65E+00
248.40,2.02E-03,7.65E+00
248.50,2.02E-03,7.65E+00
248.60,2.02E-03,7.65E+00
248.70,2.02E-03,7.65E+00
248.80,2.02E-03,7.65E+00
248.90,2.02E-03,7.65E+00
249.00,2.02E-03,7.65E+00
249.10,2.02E-03,7.65E+00
249.20,2.02E-03,7.65E+00
249.30,2.02E-03,7.65E+00
249.40,2.02E-03,7.65E+00
249.50,2.02E-03,7.65E+00
249.60,2.02E-03,7.65E+00
249.70,2.02E-03,7.65E+00
249.80,2.02E-03,7.65E+00
249.90,2.02E-03,7.65E+00
250.00,2.02E-03,7.65E+00
